 INSERT INTO herramienta (id_herramienta, nombre_herramienta, modelo, nombre_proveedor) VALUES
  ('HERR01', 'Máquina de coser recta', 'Industrial 2000', 'Maquinarias Textiles S.A.'),
  ('HERR02', 'Máquina overlock', 'Speedy Stitcher', 'Maquinarias Textiles S.A.'),
  ('HERR03', 'Máquina de bordar', 'Embroider Pro 5000', 'Embroidery Supplies Inc.'),
  ('HERR04', 'Máquina de corte láser', 'LaserCut Pro 3000', 'TechTextile Solutions'),
  ('HERR05', 'Máquina de estampado', 'PrintMaster Flex', 'Printing Technologies Ltd.'),
  ('HERR06', 'Máquina de planchado', 'PressMaster 700', 'Ironing Solutions Inc.'),
  ('HERR07', 'Máquina de tejido circular', 'CircleWeave 4000', 'Weaving Machines Co.'),
  ('HERR08', 'Máquina de lavado industrial', 'AquaCleaner 8000', 'Washing Systems Ltd.'),
  ('HERR09', 'Máquina de teñido', 'DyeMax Pro', 'Dyeing Technologies Inc.'),
  ('HERR10', 'Máquina de empacado', 'PackMaster Plus', 'Packaging Solutions Ltd.'),
  ('HERR11', 'Máquina de coser recta', 'SewPro Plus', 'Maquinarias Textiles S.A.'),
  ('HERR12', 'Máquina overlock', 'SwiftStitch 2000', 'Maquinarias Textiles S.A.'),
  ('HERR13', 'Máquina de bordar', 'DesignCraft Pro', 'Embroidery Supplies Inc.'),
  ('HERR14', 'Máquina de corte láser', 'LaserPro X', 'TechTextile Solutions'),
  ('HERR15', 'Máquina de estampado', 'PrintMaster Flex 2', 'Printing Technologies Ltd.'),
  ('HERR16', 'Máquina de planchado', 'SteamPress Pro', 'Ironing Solutions Inc.'),
  ('HERR17', 'Máquina de tejido circular', 'WeaveMaster Elite', 'Weaving Machines Co.'),
  ('HERR18', 'Máquina de lavado industrial', 'AquaCleaner 9000', 'Washing Systems Ltd.'),
  ('HERR19', 'Máquina de teñido', 'DyeMax Pro Plus', 'Dyeing Technologies Inc.'),
  ('HERR20', 'Máquina de empacado', 'PackMaster Ultra', 'Packaging Solutions Ltd.'),
  ('HERR21', 'Máquina de coser recta', 'Industrial Stitcher Pro', 'Maquinarias Textiles S.A.'),
  ('HERR22', 'Máquina overlock', 'Speedy Stitcher Pro', 'Maquinarias Textiles S.A.'),
  ('HERR23', 'Máquina de bordar', 'Embroider Pro 6000', 'Embroidery Supplies Inc.'),
  ('HERR24', 'Máquina de corte láser', 'LaserCut Pro 5000', 'TechTextile Solutions'),
  ('HERR25', 'Máquina de estampado', 'PrintMaster Flex 3', 'Printing Technologies Ltd.'),
  ('HERR26', 'Máquina de planchado', 'PressMaster 800', 'Ironing Solutions Inc.'),
  ('HERR27', 'Máquina de tejido circular', 'CircleWeave 5000', 'Weaving Machines Co.'),
  ('HERR28', 'Máquina de lavado industrial', 'AquaCleaner 10000', 'Washing Systems Ltd.'),
  ('HERR29', 'Máquina de teñido', 'DyeMax Pro Ultra', 'Dyeing Technologies Inc.'),
  ('HERR30', 'Máquina de empacado', 'PackMaster Mega', 'Packaging Solutions Ltd.');

insert into gestor_produccion (id_gestor, DNI, prim_nom_ges, seg_nom_ges, prim_ape_ges, seg_ape_ges) values ('GES1', '95989969', 'Guy', 'Jaquith', 'De La Salle', 'Matteini');
insert into gestor_produccion (id_gestor, DNI, prim_nom_ges, seg_nom_ges, prim_ape_ges, seg_ape_ges) values ('GES2', '42479045', 'Shelton', 'Ginger', 'Shreenan', 'Veivers');
insert into gestor_produccion (id_gestor, DNI, prim_nom_ges, seg_nom_ges, prim_ape_ges, seg_ape_ges) values ('GES3', '36421575', 'Mavra', 'Illa', 'Cappell', 'Feldfisher');
insert into gestor_produccion (id_gestor, DNI, prim_nom_ges, seg_nom_ges, prim_ape_ges, seg_ape_ges) values ('GES4', '57841986', 'Wendall', 'Kerry', 'Quest', 'Izchaki');
insert into gestor_produccion (id_gestor, DNI, prim_nom_ges, seg_nom_ges, prim_ape_ges, seg_ape_ges) values ('GES5', '61924740', 'Alasdair', 'Cassaundra', 'Grassi', 'Rikkard');
insert into gestor_produccion (id_gestor, DNI, prim_nom_ges, seg_nom_ges, prim_ape_ges, seg_ape_ges) values ('GES6', '84250797', 'Wallas', 'Alick', 'Chester', 'Huntingford');
insert into gestor_produccion (id_gestor, DNI, prim_nom_ges, seg_nom_ges, prim_ape_ges, seg_ape_ges) values ('GES7', '09499274', 'Nicolle', 'Candra', 'Dorton', 'Dotterill');
insert into gestor_produccion (id_gestor, DNI, prim_nom_ges, seg_nom_ges, prim_ape_ges, seg_ape_ges) values ('GES8', '31056325', 'Gus', 'Raychel', 'Eminson', 'Whotton');
insert into gestor_produccion (id_gestor, DNI, prim_nom_ges, seg_nom_ges, prim_ape_ges, seg_ape_ges) values ('GES9', '12298563', 'Giorgia', 'Giana', 'Zuker', 'Anniwell');
insert into gestor_produccion (id_gestor, DNI, prim_nom_ges, seg_nom_ges, prim_ape_ges, seg_ape_ges) values ('GES10', '58177076', 'Murvyn', 'Amos', 'Gillbey', 'Roubert');
insert into gestor_produccion (id_gestor, DNI, prim_nom_ges, seg_nom_ges, prim_ape_ges, seg_ape_ges) values ('GES11', '12444420', 'Deane', 'Sondra', 'Gloy', 'Probbin');
insert into gestor_produccion (id_gestor, DNI, prim_nom_ges, seg_nom_ges, prim_ape_ges, seg_ape_ges) values ('GES12', '08178956', 'Dennet', 'Jarrid', 'Brasier', 'Cutbush');
insert into gestor_produccion (id_gestor, DNI, prim_nom_ges, seg_nom_ges, prim_ape_ges, seg_ape_ges) values ('GES13', '08908185', 'Kylila', 'Georg', 'Semens', 'Hethron');
insert into gestor_produccion (id_gestor, DNI, prim_nom_ges, seg_nom_ges, prim_ape_ges, seg_ape_ges) values ('GES14', '70315515', 'Etti', 'Rudd', 'Algate', 'Thomelin');
insert into gestor_produccion (id_gestor, DNI, prim_nom_ges, seg_nom_ges, prim_ape_ges, seg_ape_ges) values ('GES15', '45394721', 'Koo', 'Kellie', 'Leil', 'Vanns');
insert into gestor_produccion (id_gestor, DNI, prim_nom_ges, seg_nom_ges, prim_ape_ges, seg_ape_ges) values ('GES16', '65003883', 'Eduard', 'Tove', 'Polye', 'Bertson');
insert into gestor_produccion (id_gestor, DNI, prim_nom_ges, seg_nom_ges, prim_ape_ges, seg_ape_ges) values ('GES17', '25353816', 'Bernardine', 'Cecelia', 'Stanney', 'Antczak');
insert into gestor_produccion (id_gestor, DNI, prim_nom_ges, seg_nom_ges, prim_ape_ges, seg_ape_ges) values ('GES18', '91925969', 'Ursuline', 'Susie', 'Serjeantson', 'Robichon');
insert into gestor_produccion (id_gestor, DNI, prim_nom_ges, seg_nom_ges, prim_ape_ges, seg_ape_ges) values ('GES19', '10435648', 'Rhett', 'Tomi', 'Peatt', 'Stodd');
insert into gestor_produccion (id_gestor, DNI, prim_nom_ges, seg_nom_ges, prim_ape_ges, seg_ape_ges) values ('GES20', '35897028', 'Felipa', 'Abe', 'Sheen', 'Safe');
insert into gestor_produccion (id_gestor, DNI, prim_nom_ges, seg_nom_ges, prim_ape_ges, seg_ape_ges) values ('GES21', '93511995', 'Candis', 'Garv', 'Eyckel', 'MacManus');
insert into gestor_produccion (id_gestor, DNI, prim_nom_ges, seg_nom_ges, prim_ape_ges, seg_ape_ges) values ('GES22', '30244973', 'Mandi', 'Eldin', 'Clark', 'Burling');
insert into gestor_produccion (id_gestor, DNI, prim_nom_ges, seg_nom_ges, prim_ape_ges, seg_ape_ges) values ('GES23', '79984908', 'Roslyn', 'Alric', 'Willan', 'Skurray');
insert into gestor_produccion (id_gestor, DNI, prim_nom_ges, seg_nom_ges, prim_ape_ges, seg_ape_ges) values ('GES24', '88891038', 'Siffre', 'Rriocard', 'Gratrix', 'Weber');
insert into gestor_produccion (id_gestor, DNI, prim_nom_ges, seg_nom_ges, prim_ape_ges, seg_ape_ges) values ('GES25', '24743774', 'Sigismondo', 'Zorana', 'Syms', 'Worsfield');
insert into gestor_produccion (id_gestor, DNI, prim_nom_ges, seg_nom_ges, prim_ape_ges, seg_ape_ges) values ('GES26', '80306607', 'Urbain', 'Holt', 'Lynde', 'Lafford');
insert into gestor_produccion (id_gestor, DNI, prim_nom_ges, seg_nom_ges, prim_ape_ges, seg_ape_ges) values ('GES27', '96813577', 'Engelbert', 'Jarad', 'Sperling', 'Ferrari');
insert into gestor_produccion (id_gestor, DNI, prim_nom_ges, seg_nom_ges, prim_ape_ges, seg_ape_ges) values ('GES28', '76815324', 'Katuscha', 'Chloris', 'Klemt', 'Pavier');
insert into gestor_produccion (id_gestor, DNI, prim_nom_ges, seg_nom_ges, prim_ape_ges, seg_ape_ges) values ('GES29', '14438121', 'Kipp', 'Franny', 'Holgan', 'Chaster');
insert into gestor_produccion (id_gestor, DNI, prim_nom_ges, seg_nom_ges, prim_ape_ges, seg_ape_ges) values ('GES30', '80368812', 'Rutherford', 'Charlot', 'Empleton', 'McRobbie');
insert into gestor_produccion (id_gestor, DNI, prim_nom_ges, seg_nom_ges, prim_ape_ges, seg_ape_ges) values ('GES31', '93184940', 'Dana', 'Fidela', 'Gowthorpe', 'Davidek');
insert into gestor_produccion (id_gestor, DNI, prim_nom_ges, seg_nom_ges, prim_ape_ges, seg_ape_ges) values ('GES32', '00914652', 'Em', 'Eberhard', 'Coils', 'Kelsall');
insert into gestor_produccion (id_gestor, DNI, prim_nom_ges, seg_nom_ges, prim_ape_ges, seg_ape_ges) values ('GES33', '19623575', 'Gill', 'Felice', 'Gawke', 'Rosenhaus');
insert into gestor_produccion (id_gestor, DNI, prim_nom_ges, seg_nom_ges, prim_ape_ges, seg_ape_ges) values ('GES34', '25669180', 'Caprice', 'Ogden', 'Noirel', 'Thirkettle');
insert into gestor_produccion (id_gestor, DNI, prim_nom_ges, seg_nom_ges, prim_ape_ges, seg_ape_ges) values ('GES35', '04642292', 'Randi', 'Sibyl', 'Emeney', 'Probets');
insert into gestor_produccion (id_gestor, DNI, prim_nom_ges, seg_nom_ges, prim_ape_ges, seg_ape_ges) values ('GES36', '72805362', 'Maribelle', 'Cornelius', 'Melladew', 'Januszewicz');
insert into gestor_produccion (id_gestor, DNI, prim_nom_ges, seg_nom_ges, prim_ape_ges, seg_ape_ges) values ('GES37', '03769651', 'Linus', 'Tamas', 'Skittrell', 'Semour');
insert into gestor_produccion (id_gestor, DNI, prim_nom_ges, seg_nom_ges, prim_ape_ges, seg_ape_ges) values ('GES38', '95286210', 'Cindra', 'Maryrose', 'Darton', 'Brockest');
insert into gestor_produccion (id_gestor, DNI, prim_nom_ges, seg_nom_ges, prim_ape_ges, seg_ape_ges) values ('GES39', '56376843', 'Merrili', 'Duncan', 'Dearsley', 'Byer');
insert into gestor_produccion (id_gestor, DNI, prim_nom_ges, seg_nom_ges, prim_ape_ges, seg_ape_ges) values ('GES40', '63184046', 'Janessa', 'Marlo', 'Hurlston', 'Bonnick');
insert into gestor_produccion (id_gestor, DNI, prim_nom_ges, seg_nom_ges, prim_ape_ges, seg_ape_ges) values ('GES41', '54119534', 'Pepe', 'Anni', 'Coche', 'Newcom');
insert into gestor_produccion (id_gestor, DNI, prim_nom_ges, seg_nom_ges, prim_ape_ges, seg_ape_ges) values ('GES42', '24321326', 'Alyda', 'Naomi', 'Courson', 'McCromley');
insert into gestor_produccion (id_gestor, DNI, prim_nom_ges, seg_nom_ges, prim_ape_ges, seg_ape_ges) values ('GES43', '93388809', 'Kendrick', 'Aimil', 'Macenzy', 'Cleyburn');
insert into gestor_produccion (id_gestor, DNI, prim_nom_ges, seg_nom_ges, prim_ape_ges, seg_ape_ges) values ('GES44', '15239428', 'Annabel', 'Alan', 'Kynvin', 'Ayton');
insert into gestor_produccion (id_gestor, DNI, prim_nom_ges, seg_nom_ges, prim_ape_ges, seg_ape_ges) values ('GES45', '11341458', 'Minne', 'Grethel', 'Enochsson', 'Loncaster');
insert into gestor_produccion (id_gestor, DNI, prim_nom_ges, seg_nom_ges, prim_ape_ges, seg_ape_ges) values ('GES46', '79978796', 'Vic', 'Urbano', 'Garron', 'La Rosa');
insert into gestor_produccion (id_gestor, DNI, prim_nom_ges, seg_nom_ges, prim_ape_ges, seg_ape_ges) values ('GES47', '86644165', 'Rochelle', 'Sisely', 'Pietrasik', 'Tonepohl');
insert into gestor_produccion (id_gestor, DNI, prim_nom_ges, seg_nom_ges, prim_ape_ges, seg_ape_ges) values ('GES48', '71019346', 'Mickie', 'Jackie', 'Sanja', 'Gentner');
insert into gestor_produccion (id_gestor, DNI, prim_nom_ges, seg_nom_ges, prim_ape_ges, seg_ape_ges) values ('GES49', '27215042', 'Gerrie', 'Cherey', 'Linggood', 'Osipenko');
insert into gestor_produccion (id_gestor, DNI, prim_nom_ges, seg_nom_ges, prim_ape_ges, seg_ape_ges) values ('GES50', '63967426', 'Rosalinde', 'Freddie', 'Pavese', 'Gothard');
insert into gestor_produccion (id_gestor, DNI, prim_nom_ges, seg_nom_ges, prim_ape_ges, seg_ape_ges) values ('GES51', '98083780', 'Alleen', 'Brooke', 'Lamplough', 'Michell');
insert into gestor_produccion (id_gestor, DNI, prim_nom_ges, seg_nom_ges, prim_ape_ges, seg_ape_ges) values ('GES52', '68938459', 'Stanislaw', 'Cletis', 'Pratten', 'Allewell');
insert into gestor_produccion (id_gestor, DNI, prim_nom_ges, seg_nom_ges, prim_ape_ges, seg_ape_ges) values ('GES53', '72485294', 'Davie', 'Sheppard', 'Fernez', 'Hosten');
insert into gestor_produccion (id_gestor, DNI, prim_nom_ges, seg_nom_ges, prim_ape_ges, seg_ape_ges) values ('GES54', '02140914', 'Elspeth', 'Jenda', 'Tripean', 'Van der Beken');
insert into gestor_produccion (id_gestor, DNI, prim_nom_ges, seg_nom_ges, prim_ape_ges, seg_ape_ges) values ('GES55', '88528167', 'Joaquin', 'Emelen', 'Jiru', 'McBride');
insert into gestor_produccion (id_gestor, DNI, prim_nom_ges, seg_nom_ges, prim_ape_ges, seg_ape_ges) values ('GES56', '39903783', 'Geoffrey', 'Kalina', 'Beeckx', 'Amesbury');
insert into gestor_produccion (id_gestor, DNI, prim_nom_ges, seg_nom_ges, prim_ape_ges, seg_ape_ges) values ('GES57', '96767444', 'Belicia', 'Cthrine', 'McCullen', 'Voelker');
insert into gestor_produccion (id_gestor, DNI, prim_nom_ges, seg_nom_ges, prim_ape_ges, seg_ape_ges) values ('GES58', '21778984', 'Garold', 'Angelique', 'Dent', 'Kubik');
insert into gestor_produccion (id_gestor, DNI, prim_nom_ges, seg_nom_ges, prim_ape_ges, seg_ape_ges) values ('GES59', '98997782', 'Jannel', 'Elayne', 'Jostan', 'Shorton');
insert into gestor_produccion (id_gestor, DNI, prim_nom_ges, seg_nom_ges, prim_ape_ges, seg_ape_ges) values ('GES60', '29860420', 'Diana', 'Lurleen', 'Edgeller', 'Semmens');
insert into gestor_produccion (id_gestor, DNI, prim_nom_ges, seg_nom_ges, prim_ape_ges, seg_ape_ges) values ('GES61', '39911340', 'Finlay', 'Tamera', 'Inch', 'Mecchi');
insert into gestor_produccion (id_gestor, DNI, prim_nom_ges, seg_nom_ges, prim_ape_ges, seg_ape_ges) values ('GES62', '51981642', 'Melania', 'Wendy', 'MacNish', 'MacClancey');
insert into gestor_produccion (id_gestor, DNI, prim_nom_ges, seg_nom_ges, prim_ape_ges, seg_ape_ges) values ('GES63', '20830341', 'Glenn', 'Jecho', 'Laugherane', 'Lowy');
insert into gestor_produccion (id_gestor, DNI, prim_nom_ges, seg_nom_ges, prim_ape_ges, seg_ape_ges) values ('GES64', '71963679', 'Ola', 'Domenico', 'Brooksbie', 'Baxstar');
insert into gestor_produccion (id_gestor, DNI, prim_nom_ges, seg_nom_ges, prim_ape_ges, seg_ape_ges) values ('GES65', '18421417', 'Northrop', 'Ivy', 'Mateiko', 'Amsden');
insert into gestor_produccion (id_gestor, DNI, prim_nom_ges, seg_nom_ges, prim_ape_ges, seg_ape_ges) values ('GES66', '97474722', 'Kat', 'Tracey', 'Djorvic', 'Jurasek');
insert into gestor_produccion (id_gestor, DNI, prim_nom_ges, seg_nom_ges, prim_ape_ges, seg_ape_ges) values ('GES67', '01436293', 'Seka', 'Bentley', 'Abramovic', 'Swyre');
insert into gestor_produccion (id_gestor, DNI, prim_nom_ges, seg_nom_ges, prim_ape_ges, seg_ape_ges) values ('GES68', '70896052', 'Esme', 'Lanae', 'Hulance', 'Ritchie');
insert into gestor_produccion (id_gestor, DNI, prim_nom_ges, seg_nom_ges, prim_ape_ges, seg_ape_ges) values ('GES69', '66427315', 'Cornelia', 'Marilin', 'Gecks', 'Seddon');
insert into gestor_produccion (id_gestor, DNI, prim_nom_ges, seg_nom_ges, prim_ape_ges, seg_ape_ges) values ('GES70', '26273126', 'Myrta', 'Irvine', 'Cawson', 'Dobkin');
insert into gestor_produccion (id_gestor, DNI, prim_nom_ges, seg_nom_ges, prim_ape_ges, seg_ape_ges) values ('GES71', '98868979', 'Kylen', 'Hagen', 'Ainger', 'Hickin');
insert into gestor_produccion (id_gestor, DNI, prim_nom_ges, seg_nom_ges, prim_ape_ges, seg_ape_ges) values ('GES72', '51413392', 'Sharona', 'Ann-marie', 'Burnes', 'Gulley');
insert into gestor_produccion (id_gestor, DNI, prim_nom_ges, seg_nom_ges, prim_ape_ges, seg_ape_ges) values ('GES73', '34197813', 'Derward', 'Dilly', 'Boggas', 'Egell');
insert into gestor_produccion (id_gestor, DNI, prim_nom_ges, seg_nom_ges, prim_ape_ges, seg_ape_ges) values ('GES74', '78445559', 'Mab', 'Beverie', 'Leehane', 'Besnardeau');
insert into gestor_produccion (id_gestor, DNI, prim_nom_ges, seg_nom_ges, prim_ape_ges, seg_ape_ges) values ('GES75', '28843938', 'Cthrine', 'Nathaniel', 'Edwardes', 'Bradane');
insert into gestor_produccion (id_gestor, DNI, prim_nom_ges, seg_nom_ges, prim_ape_ges, seg_ape_ges) values ('GES76', '27161203', 'Carlina', 'Neron', 'Ettels', 'Itzchaki');
insert into gestor_produccion (id_gestor, DNI, prim_nom_ges, seg_nom_ges, prim_ape_ges, seg_ape_ges) values ('GES77', '07685402', 'Niko', 'Kerrin', 'Airton', 'Weeds');
insert into gestor_produccion (id_gestor, DNI, prim_nom_ges, seg_nom_ges, prim_ape_ges, seg_ape_ges) values ('GES78', '25783154', 'Ethelyn', 'Nickolas', 'Capron', 'Mandal');
insert into gestor_produccion (id_gestor, DNI, prim_nom_ges, seg_nom_ges, prim_ape_ges, seg_ape_ges) values ('GES79', '58778479', 'Aile', 'Goran', 'Cornell', 'Coniff');
insert into gestor_produccion (id_gestor, DNI, prim_nom_ges, seg_nom_ges, prim_ape_ges, seg_ape_ges) values ('GES80', '11463595', 'Barr', 'Gilburt', 'McCooke', 'Finnemore');
insert into gestor_produccion (id_gestor, DNI, prim_nom_ges, seg_nom_ges, prim_ape_ges, seg_ape_ges) values ('GES81', '35622764', 'Stevena', 'Nealson', 'Lissandri', 'Awty');
insert into gestor_produccion (id_gestor, DNI, prim_nom_ges, seg_nom_ges, prim_ape_ges, seg_ape_ges) values ('GES82', '88677481', 'Papageno', 'Nickolaus', 'Mathewson', 'Kull');
insert into gestor_produccion (id_gestor, DNI, prim_nom_ges, seg_nom_ges, prim_ape_ges, seg_ape_ges) values ('GES83', '49730171', 'Hurleigh', 'Tess', 'Portingale', 'Clementson');
insert into gestor_produccion (id_gestor, DNI, prim_nom_ges, seg_nom_ges, prim_ape_ges, seg_ape_ges) values ('GES84', '37032529', 'Vinny', 'Gill', 'Trevains', 'Rosas');
insert into gestor_produccion (id_gestor, DNI, prim_nom_ges, seg_nom_ges, prim_ape_ges, seg_ape_ges) values ('GES85', '97877471', 'Morissa', 'Filip', 'Rosenberg', 'Esser');
insert into gestor_produccion (id_gestor, DNI, prim_nom_ges, seg_nom_ges, prim_ape_ges, seg_ape_ges) values ('GES86', '39083963', 'Mariam', 'Davidde', 'Holbury', 'Sirmon');
insert into gestor_produccion (id_gestor, DNI, prim_nom_ges, seg_nom_ges, prim_ape_ges, seg_ape_ges) values ('GES87', '83588286', 'Dalila', 'Fairlie', 'Ditchfield', 'Bownas');
insert into gestor_produccion (id_gestor, DNI, prim_nom_ges, seg_nom_ges, prim_ape_ges, seg_ape_ges) values ('GES88', '53600032', 'Vito', 'Tabbi', 'Muller', 'Hanhard');
insert into gestor_produccion (id_gestor, DNI, prim_nom_ges, seg_nom_ges, prim_ape_ges, seg_ape_ges) values ('GES89', '43380163', 'Ross', 'Germayne', 'Welldrake', 'Haskett');
insert into gestor_produccion (id_gestor, DNI, prim_nom_ges, seg_nom_ges, prim_ape_ges, seg_ape_ges) values ('GES90', '27330320', 'Rhodia', 'Guthry', 'Szymanowski', 'Maslin');
insert into gestor_produccion (id_gestor, DNI, prim_nom_ges, seg_nom_ges, prim_ape_ges, seg_ape_ges) values ('GES91', '26892896', 'Yves', 'Buiron', 'Genney', 'Innett');
insert into gestor_produccion (id_gestor, DNI, prim_nom_ges, seg_nom_ges, prim_ape_ges, seg_ape_ges) values ('GES92', '89351674', 'Leo', 'Malina', 'Nowaczyk', 'Eede');
insert into gestor_produccion (id_gestor, DNI, prim_nom_ges, seg_nom_ges, prim_ape_ges, seg_ape_ges) values ('GES93', '59603044', 'Editha', 'Yulma', 'McKleod', 'Toplin');
insert into gestor_produccion (id_gestor, DNI, prim_nom_ges, seg_nom_ges, prim_ape_ges, seg_ape_ges) values ('GES94', '31560358', 'Kaleb', 'Philip', 'Sprade', 'Venn');
insert into gestor_produccion (id_gestor, DNI, prim_nom_ges, seg_nom_ges, prim_ape_ges, seg_ape_ges) values ('GES95', '34641977', 'Bartie', 'Nert', 'Keeton', 'Gibbens');
insert into gestor_produccion (id_gestor, DNI, prim_nom_ges, seg_nom_ges, prim_ape_ges, seg_ape_ges) values ('GES96', '78529284', 'Gran', 'Granthem', 'Fright', 'Eales');
insert into gestor_produccion (id_gestor, DNI, prim_nom_ges, seg_nom_ges, prim_ape_ges, seg_ape_ges) values ('GES97', '53042876', 'Ruddy', 'Ferdinand', 'Hawarden', 'Mantle');
insert into gestor_produccion (id_gestor, DNI, prim_nom_ges, seg_nom_ges, prim_ape_ges, seg_ape_ges) values ('GES98', '41459601', 'Margot', 'Hedwig', 'Boake', 'De La Salle');
insert into gestor_produccion (id_gestor, DNI, prim_nom_ges, seg_nom_ges, prim_ape_ges, seg_ape_ges) values ('GES99', '35024353', 'Shirley', 'Ginevra', 'Elfitt', 'Crosham');
insert into gestor_produccion (id_gestor, DNI, prim_nom_ges, seg_nom_ges, prim_ape_ges, seg_ape_ges) values ('GES100', '53844263', 'Johnette', 'Brooks', 'Margetson', 'Radoux');
insert into gestor_produccion (id_gestor, DNI, prim_nom_ges, seg_nom_ges, prim_ape_ges, seg_ape_ges) values ('GES101', '45089589', 'Dom', 'Collette', 'Blomfield', 'Bage');
insert into gestor_produccion (id_gestor, DNI, prim_nom_ges, seg_nom_ges, prim_ape_ges, seg_ape_ges) values ('GES102', '20977109', 'Bard', 'Carma', 'Goulden', 'Harmour');
insert into gestor_produccion (id_gestor, DNI, prim_nom_ges, seg_nom_ges, prim_ape_ges, seg_ape_ges) values ('GES103', '17161980', 'Felike', 'Nikolas', 'Woosnam', 'Bilverstone');
insert into gestor_produccion (id_gestor, DNI, prim_nom_ges, seg_nom_ges, prim_ape_ges, seg_ape_ges) values ('GES104', '21647604', 'Jayne', 'Abel', 'Caldero', 'Turrill');
insert into gestor_produccion (id_gestor, DNI, prim_nom_ges, seg_nom_ges, prim_ape_ges, seg_ape_ges) values ('GES105', '03454665', 'Sigismund', 'Franky', 'Keson', 'Debell');
insert into gestor_produccion (id_gestor, DNI, prim_nom_ges, seg_nom_ges, prim_ape_ges, seg_ape_ges) values ('GES106', '53293311', 'Fan', 'Norene', 'Kelley', 'Pentecost');
insert into gestor_produccion (id_gestor, DNI, prim_nom_ges, seg_nom_ges, prim_ape_ges, seg_ape_ges) values ('GES107', '91787304', 'Camel', 'Ashli', 'Weond', 'Stoacley');
insert into gestor_produccion (id_gestor, DNI, prim_nom_ges, seg_nom_ges, prim_ape_ges, seg_ape_ges) values ('GES108', '48857620', 'Olvan', 'Abagail', 'Highton', 'Steptowe');
insert into gestor_produccion (id_gestor, DNI, prim_nom_ges, seg_nom_ges, prim_ape_ges, seg_ape_ges) values ('GES109', '71752455', 'Herschel', 'Bryn', 'Postin', 'McRobert');
insert into gestor_produccion (id_gestor, DNI, prim_nom_ges, seg_nom_ges, prim_ape_ges, seg_ape_ges) values ('GES110', '43322419', 'Revkah', 'Sigmund', 'Rivlin', 'Hutchcraft');
insert into gestor_produccion (id_gestor, DNI, prim_nom_ges, seg_nom_ges, prim_ape_ges, seg_ape_ges) values ('GES111', '78990218', 'Flossy', 'Nettle', 'Inglesfield', 'Cahalin');
insert into gestor_produccion (id_gestor, DNI, prim_nom_ges, seg_nom_ges, prim_ape_ges, seg_ape_ges) values ('GES112', '67633032', 'Iorgo', 'Silvio', 'Pawlowicz', 'Doxsey');
insert into gestor_produccion (id_gestor, DNI, prim_nom_ges, seg_nom_ges, prim_ape_ges, seg_ape_ges) values ('GES113', '30489019', 'Yancey', 'Brannon', 'Bartholat', 'Hector');
insert into gestor_produccion (id_gestor, DNI, prim_nom_ges, seg_nom_ges, prim_ape_ges, seg_ape_ges) values ('GES114', '37995537', 'Anet', 'Falito', 'McQuade', 'Truran');
insert into gestor_produccion (id_gestor, DNI, prim_nom_ges, seg_nom_ges, prim_ape_ges, seg_ape_ges) values ('GES115', '66987031', 'Red', 'Cinderella', 'Oene', 'Kubalek');
insert into gestor_produccion (id_gestor, DNI, prim_nom_ges, seg_nom_ges, prim_ape_ges, seg_ape_ges) values ('GES116', '49131497', 'Kearney', 'Danyette', 'Mudge', 'Runge');
insert into gestor_produccion (id_gestor, DNI, prim_nom_ges, seg_nom_ges, prim_ape_ges, seg_ape_ges) values ('GES117', '10704444', 'Bax', 'Phillipe', 'Glasscoe', 'Camm');
insert into gestor_produccion (id_gestor, DNI, prim_nom_ges, seg_nom_ges, prim_ape_ges, seg_ape_ges) values ('GES118', '39413525', 'Alec', 'Rafi', 'Axtell', 'Jerrome');
insert into gestor_produccion (id_gestor, DNI, prim_nom_ges, seg_nom_ges, prim_ape_ges, seg_ape_ges) values ('GES119', '53105272', 'Vivien', 'Tonia', 'Juares', 'Malafe');
insert into gestor_produccion (id_gestor, DNI, prim_nom_ges, seg_nom_ges, prim_ape_ges, seg_ape_ges) values ('GES120', '86957305', 'Ellsworth', 'Oneida', 'Dunsmuir', 'Beedom');
insert into gestor_produccion (id_gestor, DNI, prim_nom_ges, seg_nom_ges, prim_ape_ges, seg_ape_ges) values ('GES121', '12550340', 'Barry', 'Meredith', 'Iddy', 'Littlefair');
insert into gestor_produccion (id_gestor, DNI, prim_nom_ges, seg_nom_ges, prim_ape_ges, seg_ape_ges) values ('GES122', '09850720', 'Rachele', 'Tina', 'Durbin', 'Larkin');
insert into gestor_produccion (id_gestor, DNI, prim_nom_ges, seg_nom_ges, prim_ape_ges, seg_ape_ges) values ('GES123', '03024902', 'Heda', 'Kaile', 'Punchard', 'Drewe');
insert into gestor_produccion (id_gestor, DNI, prim_nom_ges, seg_nom_ges, prim_ape_ges, seg_ape_ges) values ('GES124', '77536882', 'Catherina', 'Vivienne', 'Drury', 'Colliford');
insert into gestor_produccion (id_gestor, DNI, prim_nom_ges, seg_nom_ges, prim_ape_ges, seg_ape_ges) values ('GES125', '33024052', 'Carina', 'Benedetto', 'Orneblow', 'Credland');
insert into gestor_produccion (id_gestor, DNI, prim_nom_ges, seg_nom_ges, prim_ape_ges, seg_ape_ges) values ('GES126', '72319435', 'Gabriele', 'Ingemar', 'Booi', 'Lewcock');
insert into gestor_produccion (id_gestor, DNI, prim_nom_ges, seg_nom_ges, prim_ape_ges, seg_ape_ges) values ('GES127', '99239677', 'Shurlocke', 'Inna', 'Estevez', 'Hawksley');
insert into gestor_produccion (id_gestor, DNI, prim_nom_ges, seg_nom_ges, prim_ape_ges, seg_ape_ges) values ('GES128', '57224491', 'Mariejeanne', 'Herta', 'Aberdalgy', 'Eary');
insert into gestor_produccion (id_gestor, DNI, prim_nom_ges, seg_nom_ges, prim_ape_ges, seg_ape_ges) values ('GES129', '70918474', 'Cathrine', 'Lanny', 'Gerrey', 'Heinssen');
insert into gestor_produccion (id_gestor, DNI, prim_nom_ges, seg_nom_ges, prim_ape_ges, seg_ape_ges) values ('GES130', '22183157', 'Modestia', 'Dorey', 'Mowsdill', 'Still');
insert into gestor_produccion (id_gestor, DNI, prim_nom_ges, seg_nom_ges, prim_ape_ges, seg_ape_ges) values ('GES131', '67205849', 'Virgina', 'Glenn', 'De Castri', 'Husby');
insert into gestor_produccion (id_gestor, DNI, prim_nom_ges, seg_nom_ges, prim_ape_ges, seg_ape_ges) values ('GES132', '95844568', 'Edward', 'Rochell', 'Denman', 'Janning');
insert into gestor_produccion (id_gestor, DNI, prim_nom_ges, seg_nom_ges, prim_ape_ges, seg_ape_ges) values ('GES133', '04909144', 'Richart', 'Joellen', 'Baggot', 'Ilson');
insert into gestor_produccion (id_gestor, DNI, prim_nom_ges, seg_nom_ges, prim_ape_ges, seg_ape_ges) values ('GES134', '24874346', 'Bail', 'Ellswerth', 'Alejandro', 'Sheather');
insert into gestor_produccion (id_gestor, DNI, prim_nom_ges, seg_nom_ges, prim_ape_ges, seg_ape_ges) values ('GES135', '42508230', 'Aline', 'Sutherland', 'Ferriere', 'Mogford');
insert into gestor_produccion (id_gestor, DNI, prim_nom_ges, seg_nom_ges, prim_ape_ges, seg_ape_ges) values ('GES136', '03976618', 'Ashley', 'Creighton', 'Sargeant', 'Redolfi');
insert into gestor_produccion (id_gestor, DNI, prim_nom_ges, seg_nom_ges, prim_ape_ges, seg_ape_ges) values ('GES137', '58419943', 'Cart', 'Aaren', 'Dutton', 'Schuricht');
insert into gestor_produccion (id_gestor, DNI, prim_nom_ges, seg_nom_ges, prim_ape_ges, seg_ape_ges) values ('GES138', '57944713', 'Freddie', 'Anna', 'Batalini', 'Piechnik');
insert into gestor_produccion (id_gestor, DNI, prim_nom_ges, seg_nom_ges, prim_ape_ges, seg_ape_ges) values ('GES139', '57967551', 'Celene', 'Chelsy', 'Bernhart', 'Renforth');
insert into gestor_produccion (id_gestor, DNI, prim_nom_ges, seg_nom_ges, prim_ape_ges, seg_ape_ges) values ('GES140', '44518332', 'Adlai', 'Margalit', 'Quarmby', 'Regler');
insert into gestor_produccion (id_gestor, DNI, prim_nom_ges, seg_nom_ges, prim_ape_ges, seg_ape_ges) values ('GES141', '54230739', 'Tomasina', 'Alexandre', 'Eykelhof', 'Arthan');
insert into gestor_produccion (id_gestor, DNI, prim_nom_ges, seg_nom_ges, prim_ape_ges, seg_ape_ges) values ('GES142', '56485293', 'Jane', 'Errol', 'Whytock', 'McCaughey');
insert into gestor_produccion (id_gestor, DNI, prim_nom_ges, seg_nom_ges, prim_ape_ges, seg_ape_ges) values ('GES143', '82585675', 'Colly', 'Benji', 'Fossey', 'Linebarger');
insert into gestor_produccion (id_gestor, DNI, prim_nom_ges, seg_nom_ges, prim_ape_ges, seg_ape_ges) values ('GES144', '00964706', 'Stefan', 'Bentlee', 'Dabnor', 'Linde');
insert into gestor_produccion (id_gestor, DNI, prim_nom_ges, seg_nom_ges, prim_ape_ges, seg_ape_ges) values ('GES145', '13385886', 'Stacy', 'Stoddard', 'Bermingham', 'Cramb');
insert into gestor_produccion (id_gestor, DNI, prim_nom_ges, seg_nom_ges, prim_ape_ges, seg_ape_ges) values ('GES146', '71174243', 'Leland', 'Kara', 'Beades', 'Florey');
insert into gestor_produccion (id_gestor, DNI, prim_nom_ges, seg_nom_ges, prim_ape_ges, seg_ape_ges) values ('GES147', '27414184', 'Elka', 'Dacey', 'McDougal', 'Cristea');
insert into gestor_produccion (id_gestor, DNI, prim_nom_ges, seg_nom_ges, prim_ape_ges, seg_ape_ges) values ('GES148', '42128023', 'Jose', 'Leila', 'Silveston', 'Chesley');
insert into gestor_produccion (id_gestor, DNI, prim_nom_ges, seg_nom_ges, prim_ape_ges, seg_ape_ges) values ('GES149', '01405941', 'Vally', 'Shell', 'Edinburgh', 'Tolliday');
insert into gestor_produccion (id_gestor, DNI, prim_nom_ges, seg_nom_ges, prim_ape_ges, seg_ape_ges) values ('GES150', '21527571', 'Oliver', 'Misha', 'Daish', 'Cripin');
insert into gestor_produccion (id_gestor, DNI, prim_nom_ges, seg_nom_ges, prim_ape_ges, seg_ape_ges) values ('GES151', '55588902', 'Onfroi', 'Madonna', 'Antonio', 'Sorley');
insert into gestor_produccion (id_gestor, DNI, prim_nom_ges, seg_nom_ges, prim_ape_ges, seg_ape_ges) values ('GES152', '62034153', 'Kylynn', 'Aliza', 'Taylerson', 'Schutte');
insert into gestor_produccion (id_gestor, DNI, prim_nom_ges, seg_nom_ges, prim_ape_ges, seg_ape_ges) values ('GES153', '93114075', 'Carol-jean', 'Siana', 'Ferier', 'Absolom');
insert into gestor_produccion (id_gestor, DNI, prim_nom_ges, seg_nom_ges, prim_ape_ges, seg_ape_ges) values ('GES154', '83428012', 'Elly', 'Godfree', 'Guly', 'Gretham');
insert into gestor_produccion (id_gestor, DNI, prim_nom_ges, seg_nom_ges, prim_ape_ges, seg_ape_ges) values ('GES155', '20288293', 'Tabbi', 'Issie', 'Culshew', 'Grigolashvill');
insert into gestor_produccion (id_gestor, DNI, prim_nom_ges, seg_nom_ges, prim_ape_ges, seg_ape_ges) values ('GES156', '37864103', 'Jeremiah', 'Janella', 'Kohrding', 'Greggersen');
insert into gestor_produccion (id_gestor, DNI, prim_nom_ges, seg_nom_ges, prim_ape_ges, seg_ape_ges) values ('GES157', '59623683', 'Davidson', 'Torre', 'Foster', 'Ellum');
insert into gestor_produccion (id_gestor, DNI, prim_nom_ges, seg_nom_ges, prim_ape_ges, seg_ape_ges) values ('GES158', '73074623', 'Holly-anne', 'Ronni', 'Weddup', 'Catterill');
insert into gestor_produccion (id_gestor, DNI, prim_nom_ges, seg_nom_ges, prim_ape_ges, seg_ape_ges) values ('GES159', '93230692', 'Amata', 'Marysa', 'Fesby', 'Carleton');
insert into gestor_produccion (id_gestor, DNI, prim_nom_ges, seg_nom_ges, prim_ape_ges, seg_ape_ges) values ('GES160', '38987469', 'Rivy', 'Muffin', 'Balmann', 'Sharram');
insert into gestor_produccion (id_gestor, DNI, prim_nom_ges, seg_nom_ges, prim_ape_ges, seg_ape_ges) values ('GES161', '16880195', 'Marianne', 'Weider', 'Rosenberg', 'Forbear');
insert into gestor_produccion (id_gestor, DNI, prim_nom_ges, seg_nom_ges, prim_ape_ges, seg_ape_ges) values ('GES162', '79257691', 'Mallorie', 'Bonnee', 'Dyson', 'Drabble');
insert into gestor_produccion (id_gestor, DNI, prim_nom_ges, seg_nom_ges, prim_ape_ges, seg_ape_ges) values ('GES163', '98941840', 'Vachel', 'Benito', 'Doggart', 'Parcall');
insert into gestor_produccion (id_gestor, DNI, prim_nom_ges, seg_nom_ges, prim_ape_ges, seg_ape_ges) values ('GES164', '64024857', 'Chase', 'Ethelind', 'Caldes', 'Tunnacliffe');
insert into gestor_produccion (id_gestor, DNI, prim_nom_ges, seg_nom_ges, prim_ape_ges, seg_ape_ges) values ('GES165', '04719674', 'Ronny', 'Harry', 'Danslow', 'Sangar');
insert into gestor_produccion (id_gestor, DNI, prim_nom_ges, seg_nom_ges, prim_ape_ges, seg_ape_ges) values ('GES166', '78307184', 'Dorolice', 'Roosevelt', 'Ivakhnov', 'Yepiskov');
insert into gestor_produccion (id_gestor, DNI, prim_nom_ges, seg_nom_ges, prim_ape_ges, seg_ape_ges) values ('GES167', '79383318', 'Noel', 'Moreen', 'Radborne', 'Nicely');
insert into gestor_produccion (id_gestor, DNI, prim_nom_ges, seg_nom_ges, prim_ape_ges, seg_ape_ges) values ('GES168', '20389293', 'Gaylene', 'Hodge', 'Housley', 'Thrower');
insert into gestor_produccion (id_gestor, DNI, prim_nom_ges, seg_nom_ges, prim_ape_ges, seg_ape_ges) values ('GES169', '32698944', 'Chiquita', 'Vere', 'Le Gassick', 'Narbett');
insert into gestor_produccion (id_gestor, DNI, prim_nom_ges, seg_nom_ges, prim_ape_ges, seg_ape_ges) values ('GES170', '43977288', 'Fayre', 'Cobb', 'Antonioni', 'Petry');
insert into gestor_produccion (id_gestor, DNI, prim_nom_ges, seg_nom_ges, prim_ape_ges, seg_ape_ges) values ('GES171', '76364174', 'Casper', 'Lynnea', 'Burwell', 'Lawrenceson');
insert into gestor_produccion (id_gestor, DNI, prim_nom_ges, seg_nom_ges, prim_ape_ges, seg_ape_ges) values ('GES172', '19241027', 'Ofelia', 'Camilla', 'Howitt', 'Tarren');
insert into gestor_produccion (id_gestor, DNI, prim_nom_ges, seg_nom_ges, prim_ape_ges, seg_ape_ges) values ('GES173', '01852849', 'Misti', 'Mischa', 'Drugan', 'Wakeford');
insert into gestor_produccion (id_gestor, DNI, prim_nom_ges, seg_nom_ges, prim_ape_ges, seg_ape_ges) values ('GES174', '93053671', 'Theadora', 'Salli', 'Rait', 'Biggen');
insert into gestor_produccion (id_gestor, DNI, prim_nom_ges, seg_nom_ges, prim_ape_ges, seg_ape_ges) values ('GES175', '85490949', 'Wenona', 'Keslie', 'Relfe', 'Quemby');
insert into gestor_produccion (id_gestor, DNI, prim_nom_ges, seg_nom_ges, prim_ape_ges, seg_ape_ges) values ('GES176', '74589466', 'Maxy', 'Reidar', 'Bachnic', 'Seymark');
insert into gestor_produccion (id_gestor, DNI, prim_nom_ges, seg_nom_ges, prim_ape_ges, seg_ape_ges) values ('GES177', '88231015', 'Cayla', 'Eugenia', 'Tolemache', 'McConigal');
insert into gestor_produccion (id_gestor, DNI, prim_nom_ges, seg_nom_ges, prim_ape_ges, seg_ape_ges) values ('GES178', '75487353', 'Andrej', 'Cymbre', 'Leeming', 'Wheeliker');
insert into gestor_produccion (id_gestor, DNI, prim_nom_ges, seg_nom_ges, prim_ape_ges, seg_ape_ges) values ('GES179', '92800312', 'Jasun', 'Maxie', 'Pucknell', 'Finessy');
insert into gestor_produccion (id_gestor, DNI, prim_nom_ges, seg_nom_ges, prim_ape_ges, seg_ape_ges) values ('GES180', '92715090', 'Aron', 'Elvin', 'Mantha', 'Pheasant');
insert into gestor_produccion (id_gestor, DNI, prim_nom_ges, seg_nom_ges, prim_ape_ges, seg_ape_ges) values ('GES181', '64104385', 'Lorry', 'Ronnie', 'Godwyn', 'Cooney');
insert into gestor_produccion (id_gestor, DNI, prim_nom_ges, seg_nom_ges, prim_ape_ges, seg_ape_ges) values ('GES182', '27925884', 'Nanine', 'Honey', 'Roy', 'Chadbourn');
insert into gestor_produccion (id_gestor, DNI, prim_nom_ges, seg_nom_ges, prim_ape_ges, seg_ape_ges) values ('GES183', '99994917', 'Ray', 'Sisely', 'McGrirl', 'Meadows');
insert into gestor_produccion (id_gestor, DNI, prim_nom_ges, seg_nom_ges, prim_ape_ges, seg_ape_ges) values ('GES184', '70298263', 'Ramsay', 'Franny', 'Flanner', 'Rainsdon');
insert into gestor_produccion (id_gestor, DNI, prim_nom_ges, seg_nom_ges, prim_ape_ges, seg_ape_ges) values ('GES185', '35126882', 'Ardis', 'Agata', 'Scholefield', 'Currer');
insert into gestor_produccion (id_gestor, DNI, prim_nom_ges, seg_nom_ges, prim_ape_ges, seg_ape_ges) values ('GES186', '53426542', 'Harrie', 'Gena', 'Janzen', 'Donner');
insert into gestor_produccion (id_gestor, DNI, prim_nom_ges, seg_nom_ges, prim_ape_ges, seg_ape_ges) values ('GES187', '78355751', 'Rob', 'Dorie', 'Plover', 'Clawson');
insert into gestor_produccion (id_gestor, DNI, prim_nom_ges, seg_nom_ges, prim_ape_ges, seg_ape_ges) values ('GES188', '33508671', 'Rodie', 'Jobyna', 'Bickerdicke', 'Welham');
insert into gestor_produccion (id_gestor, DNI, prim_nom_ges, seg_nom_ges, prim_ape_ges, seg_ape_ges) values ('GES189', '58707119', 'Calli', 'Myer', 'Shillingford', 'Garrie');
insert into gestor_produccion (id_gestor, DNI, prim_nom_ges, seg_nom_ges, prim_ape_ges, seg_ape_ges) values ('GES190', '81174017', 'Bobby', 'Loraine', 'Bumby', 'Kearton');
insert into gestor_produccion (id_gestor, DNI, prim_nom_ges, seg_nom_ges, prim_ape_ges, seg_ape_ges) values ('GES191', '57243753', 'Adriano', 'Perl', 'Sauniere', 'Beilby');
insert into gestor_produccion (id_gestor, DNI, prim_nom_ges, seg_nom_ges, prim_ape_ges, seg_ape_ges) values ('GES192', '08212279', 'Alvin', 'Abe', 'Vignaux', 'Roberds');
insert into gestor_produccion (id_gestor, DNI, prim_nom_ges, seg_nom_ges, prim_ape_ges, seg_ape_ges) values ('GES193', '57786865', 'Madeline', 'Wilmer', 'Faulkes', 'Hearsey');
insert into gestor_produccion (id_gestor, DNI, prim_nom_ges, seg_nom_ges, prim_ape_ges, seg_ape_ges) values ('GES194', '57952797', 'Gare', 'Sheridan', 'Blaine', 'Heeron');
insert into gestor_produccion (id_gestor, DNI, prim_nom_ges, seg_nom_ges, prim_ape_ges, seg_ape_ges) values ('GES195', '04138824', 'Basil', 'Pieter', 'Couroy', 'Culwen');
insert into gestor_produccion (id_gestor, DNI, prim_nom_ges, seg_nom_ges, prim_ape_ges, seg_ape_ges) values ('GES196', '46003504', 'Rianon', 'Claudia', 'Goddman', 'Toft');
insert into gestor_produccion (id_gestor, DNI, prim_nom_ges, seg_nom_ges, prim_ape_ges, seg_ape_ges) values ('GES197', '95094529', 'Fanchon', 'Cathleen', 'Bonnick', 'Skerritt');
insert into gestor_produccion (id_gestor, DNI, prim_nom_ges, seg_nom_ges, prim_ape_ges, seg_ape_ges) values ('GES198', '93267671', 'Florie', 'Ingemar', 'Boakes', 'Berford');
insert into gestor_produccion (id_gestor, DNI, prim_nom_ges, seg_nom_ges, prim_ape_ges, seg_ape_ges) values ('GES199', '56839359', 'Toiboid', 'Corrina', 'Giraudot', 'Reina');
insert into gestor_produccion (id_gestor, DNI, prim_nom_ges, seg_nom_ges, prim_ape_ges, seg_ape_ges) values ('GES200', '55715165', 'Russell', 'Dorree', 'Glusby', 'Danbrook');

INSERT INTO actividad (id_actividad, nombre_actividad) VALUES
('ACT1', 'Diseño de prendas de vestir'),
('ACT2', 'Patronaje y corte de telas'),
('ACT3', 'Confección de prendas'),
('ACT4', 'Costura y ensamblaje de componentes'),
('ACT5', 'Planchado y acabado de prendas'),
('ACT6', 'Control de calidad de prendas'),
('ACT7', 'Empaquetado y etiquetado de prendas'),
('ACT8', 'Almacenamiento de productos terminados');


insert into lote (id_lote, fecha_produccion, cant_prod) values ('LOT1', '10-11-2023', 239);
insert into lote (id_lote, fecha_produccion, cant_prod) values ('LOT2', '23-01-2024', 438);
insert into lote (id_lote, fecha_produccion, cant_prod) values ('LOT3', '14-01-2024', 311);
insert into lote (id_lote, fecha_produccion, cant_prod) values ('LOT4', '06-05-2024', 423);
insert into lote (id_lote, fecha_produccion, cant_prod) values ('LOT5', '28-11-2023', 473);
insert into lote (id_lote, fecha_produccion, cant_prod) values ('LOT6', '29-08-2023', 429);
insert into lote (id_lote, fecha_produccion, cant_prod) values ('LOT7', '08-07-2023', 236);
insert into lote (id_lote, fecha_produccion, cant_prod) values ('LOT8', '15-05-2024', 419);
insert into lote (id_lote, fecha_produccion, cant_prod) values ('LOT9', '01-03-2024', 297);
insert into lote (id_lote, fecha_produccion, cant_prod) values ('LOT10', '12-09-2023', 437);
insert into lote (id_lote, fecha_produccion, cant_prod) values ('LOT11', '17-10-2023', 297);
insert into lote (id_lote, fecha_produccion, cant_prod) values ('LOT12', '23-12-2023', 71);
insert into lote (id_lote, fecha_produccion, cant_prod) values ('LOT13', '17-06-2023', 308);
insert into lote (id_lote, fecha_produccion, cant_prod) values ('LOT14', '24-12-2023', 402);
insert into lote (id_lote, fecha_produccion, cant_prod) values ('LOT15', '08-03-2024', 193);
insert into lote (id_lote, fecha_produccion, cant_prod) values ('LOT16', '13-02-2024', 132);
insert into lote (id_lote, fecha_produccion, cant_prod) values ('LOT17', '02-12-2023', 267);
insert into lote (id_lote, fecha_produccion, cant_prod) values ('LOT18', '13-02-2024', 411);
insert into lote (id_lote, fecha_produccion, cant_prod) values ('LOT19', '21-06-2023', 282);
insert into lote (id_lote, fecha_produccion, cant_prod) values ('LOT20', '25-07-2023', 436);
insert into lote (id_lote, fecha_produccion, cant_prod) values ('LOT21', '08-09-2023', 337);
insert into lote (id_lote, fecha_produccion, cant_prod) values ('LOT22', '17-01-2024', 123);
insert into lote (id_lote, fecha_produccion, cant_prod) values ('LOT23', '19-12-2023', 342);
insert into lote (id_lote, fecha_produccion, cant_prod) values ('LOT24', '05-10-2023', 398);
insert into lote (id_lote, fecha_produccion, cant_prod) values ('LOT25', '23-11-2023', 384);
insert into lote (id_lote, fecha_produccion, cant_prod) values ('LOT26', '16-10-2023', 366);
insert into lote (id_lote, fecha_produccion, cant_prod) values ('LOT27', '30-07-2023', 409);
insert into lote (id_lote, fecha_produccion, cant_prod) values ('LOT28', '08-02-2024', 231);
insert into lote (id_lote, fecha_produccion, cant_prod) values ('LOT29', '04-05-2024', 127);
insert into lote (id_lote, fecha_produccion, cant_prod) values ('LOT30', '30-10-2023', 88);
insert into lote (id_lote, fecha_produccion, cant_prod) values ('LOT31', '13-07-2023', 226);
insert into lote (id_lote, fecha_produccion, cant_prod) values ('LOT32', '30-08-2023', 237);
insert into lote (id_lote, fecha_produccion, cant_prod) values ('LOT33', '08-11-2023', 227);
insert into lote (id_lote, fecha_produccion, cant_prod) values ('LOT34', '16-04-2024', 172);
insert into lote (id_lote, fecha_produccion, cant_prod) values ('LOT35', '09-01-2024', 449);
insert into lote (id_lote, fecha_produccion, cant_prod) values ('LOT36', '20-05-2024', 468);
insert into lote (id_lote, fecha_produccion, cant_prod) values ('LOT37', '20-07-2023', 273);
insert into lote (id_lote, fecha_produccion, cant_prod) values ('LOT38', '15-08-2023', 342);
insert into lote (id_lote, fecha_produccion, cant_prod) values ('LOT39', '28-05-2024', 339);
insert into lote (id_lote, fecha_produccion, cant_prod) values ('LOT40', '02-09-2023', 218);
insert into lote (id_lote, fecha_produccion, cant_prod) values ('LOT41', '23-07-2023', 301);
insert into lote (id_lote, fecha_produccion, cant_prod) values ('LOT42', '08-12-2023', 297);
insert into lote (id_lote, fecha_produccion, cant_prod) values ('LOT43', '10-06-2023', 384);
insert into lote (id_lote, fecha_produccion, cant_prod) values ('LOT44', '24-04-2024', 110);
insert into lote (id_lote, fecha_produccion, cant_prod) values ('LOT45', '02-04-2024', 241);
insert into lote (id_lote, fecha_produccion, cant_prod) values ('LOT46', '18-03-2024', 36);
insert into lote (id_lote, fecha_produccion, cant_prod) values ('LOT47', '17-03-2024', 90);
insert into lote (id_lote, fecha_produccion, cant_prod) values ('LOT48', '28-02-2024', 346);
insert into lote (id_lote, fecha_produccion, cant_prod) values ('LOT49', '07-09-2023', 331);
insert into lote (id_lote, fecha_produccion, cant_prod) values ('LOT50', '06-01-2024', 455);
insert into lote (id_lote, fecha_produccion, cant_prod) values ('LOT51', '26-11-2023', 40);
insert into lote (id_lote, fecha_produccion, cant_prod) values ('LOT52', '11-06-2023', 282);
insert into lote (id_lote, fecha_produccion, cant_prod) values ('LOT53', '26-04-2024', 355);
insert into lote (id_lote, fecha_produccion, cant_prod) values ('LOT54', '06-10-2023', 395);
insert into lote (id_lote, fecha_produccion, cant_prod) values ('LOT55', '17-09-2023', 293);
insert into lote (id_lote, fecha_produccion, cant_prod) values ('LOT56', '24-04-2024', 326);
insert into lote (id_lote, fecha_produccion, cant_prod) values ('LOT57', '17-05-2024', 413);
insert into lote (id_lote, fecha_produccion, cant_prod) values ('LOT58', '11-09-2023', 451);
insert into lote (id_lote, fecha_produccion, cant_prod) values ('LOT59', '14-03-2024', 44);
insert into lote (id_lote, fecha_produccion, cant_prod) values ('LOT60', '23-12-2023', 440);
insert into lote (id_lote, fecha_produccion, cant_prod) values ('LOT61', '06-03-2024', 25);
insert into lote (id_lote, fecha_produccion, cant_prod) values ('LOT62', '20-04-2024', 88);
insert into lote (id_lote, fecha_produccion, cant_prod) values ('LOT63', '09-03-2024', 358);
insert into lote (id_lote, fecha_produccion, cant_prod) values ('LOT64', '08-10-2023', 189);
insert into lote (id_lote, fecha_produccion, cant_prod) values ('LOT65', '06-12-2023', 192);
insert into lote (id_lote, fecha_produccion, cant_prod) values ('LOT66', '05-08-2023', 487);
insert into lote (id_lote, fecha_produccion, cant_prod) values ('LOT67', '20-07-2023', 16);
insert into lote (id_lote, fecha_produccion, cant_prod) values ('LOT68', '14-06-2023', 428);
insert into lote (id_lote, fecha_produccion, cant_prod) values ('LOT69', '25-07-2023', 11);
insert into lote (id_lote, fecha_produccion, cant_prod) values ('LOT70', '23-10-2023', 53);
insert into lote (id_lote, fecha_produccion, cant_prod) values ('LOT71', '01-08-2023', 480);
insert into lote (id_lote, fecha_produccion, cant_prod) values ('LOT72', '17-06-2023', 497);
insert into lote (id_lote, fecha_produccion, cant_prod) values ('LOT73', '14-06-2023', 340);
insert into lote (id_lote, fecha_produccion, cant_prod) values ('LOT74', '16-03-2024', 77);
insert into lote (id_lote, fecha_produccion, cant_prod) values ('LOT75', '28-07-2023', 38);
insert into lote (id_lote, fecha_produccion, cant_prod) values ('LOT76', '20-10-2023', 455);
insert into lote (id_lote, fecha_produccion, cant_prod) values ('LOT77', '09-11-2023', 249);
insert into lote (id_lote, fecha_produccion, cant_prod) values ('LOT78', '18-02-2024', 205);
insert into lote (id_lote, fecha_produccion, cant_prod) values ('LOT79', '02-05-2024', 427);
insert into lote (id_lote, fecha_produccion, cant_prod) values ('LOT80', '27-07-2023', 456);
insert into lote (id_lote, fecha_produccion, cant_prod) values ('LOT81', '01-07-2023', 371);
insert into lote (id_lote, fecha_produccion, cant_prod) values ('LOT82', '11-12-2023', 127);
insert into lote (id_lote, fecha_produccion, cant_prod) values ('LOT83', '03-06-2024', 255);
insert into lote (id_lote, fecha_produccion, cant_prod) values ('LOT84', '26-01-2024', 45);
insert into lote (id_lote, fecha_produccion, cant_prod) values ('LOT85', '24-12-2023', 466);
insert into lote (id_lote, fecha_produccion, cant_prod) values ('LOT86', '06-07-2023', 316);
insert into lote (id_lote, fecha_produccion, cant_prod) values ('LOT87', '14-08-2023', 403);
insert into lote (id_lote, fecha_produccion, cant_prod) values ('LOT88', '22-08-2023', 412);
insert into lote (id_lote, fecha_produccion, cant_prod) values ('LOT89', '13-06-2023', 123);
insert into lote (id_lote, fecha_produccion, cant_prod) values ('LOT90', '17-08-2023', 297);
insert into lote (id_lote, fecha_produccion, cant_prod) values ('LOT91', '22-10-2023', 182);
insert into lote (id_lote, fecha_produccion, cant_prod) values ('LOT92', '03-10-2023', 26);
insert into lote (id_lote, fecha_produccion, cant_prod) values ('LOT93', '26-11-2023', 211);
insert into lote (id_lote, fecha_produccion, cant_prod) values ('LOT94', '03-03-2024', 245);
insert into lote (id_lote, fecha_produccion, cant_prod) values ('LOT95', '23-06-2023', 330);
insert into lote (id_lote, fecha_produccion, cant_prod) values ('LOT96', '10-05-2024', 30);
insert into lote (id_lote, fecha_produccion, cant_prod) values ('LOT97', '27-02-2024', 19);
insert into lote (id_lote, fecha_produccion, cant_prod) values ('LOT98', '25-05-2024', 390);
insert into lote (id_lote, fecha_produccion, cant_prod) values ('LOT99', '16-10-2023', 405);
insert into lote (id_lote, fecha_produccion, cant_prod) values ('LOT100', '08-03-2024', 373);
insert into lote (id_lote, fecha_produccion, cant_prod) values ('LOT101', '07-11-2023', 57);
insert into lote (id_lote, fecha_produccion, cant_prod) values ('LOT102', '13-01-2024', 464);
insert into lote (id_lote, fecha_produccion, cant_prod) values ('LOT103', '02-10-2023', 383);
insert into lote (id_lote, fecha_produccion, cant_prod) values ('LOT104', '18-03-2024', 348);
insert into lote (id_lote, fecha_produccion, cant_prod) values ('LOT105', '13-04-2024', 31);
insert into lote (id_lote, fecha_produccion, cant_prod) values ('LOT106', '18-03-2024', 442);
insert into lote (id_lote, fecha_produccion, cant_prod) values ('LOT107', '02-08-2023', 197);
insert into lote (id_lote, fecha_produccion, cant_prod) values ('LOT108', '19-09-2023', 178);
insert into lote (id_lote, fecha_produccion, cant_prod) values ('LOT109', '25-01-2024', 15);
insert into lote (id_lote, fecha_produccion, cant_prod) values ('LOT110', '04-10-2023', 491);
insert into lote (id_lote, fecha_produccion, cant_prod) values ('LOT111', '30-11-2023', 260);
insert into lote (id_lote, fecha_produccion, cant_prod) values ('LOT112', '08-03-2024', 21);
insert into lote (id_lote, fecha_produccion, cant_prod) values ('LOT113', '20-05-2024', 372);
insert into lote (id_lote, fecha_produccion, cant_prod) values ('LOT114', '12-06-2023', 393);
insert into lote (id_lote, fecha_produccion, cant_prod) values ('LOT115', '19-02-2024', 362);
insert into lote (id_lote, fecha_produccion, cant_prod) values ('LOT116', '19-02-2024', 246);
insert into lote (id_lote, fecha_produccion, cant_prod) values ('LOT117', '23-12-2023', 327);
insert into lote (id_lote, fecha_produccion, cant_prod) values ('LOT118', '18-09-2023', 93);
insert into lote (id_lote, fecha_produccion, cant_prod) values ('LOT119', '14-12-2023', 213);
insert into lote (id_lote, fecha_produccion, cant_prod) values ('LOT120', '27-08-2023', 428);
insert into lote (id_lote, fecha_produccion, cant_prod) values ('LOT121', '17-10-2023', 300);
insert into lote (id_lote, fecha_produccion, cant_prod) values ('LOT122', '10-12-2023', 422);
insert into lote (id_lote, fecha_produccion, cant_prod) values ('LOT123', '03-12-2023', 499);
insert into lote (id_lote, fecha_produccion, cant_prod) values ('LOT124', '30-06-2023', 126);
insert into lote (id_lote, fecha_produccion, cant_prod) values ('LOT125', '09-04-2024', 408);
insert into lote (id_lote, fecha_produccion, cant_prod) values ('LOT126', '07-02-2024', 74);
insert into lote (id_lote, fecha_produccion, cant_prod) values ('LOT127', '06-08-2023', 358);
insert into lote (id_lote, fecha_produccion, cant_prod) values ('LOT128', '25-02-2024', 135);
insert into lote (id_lote, fecha_produccion, cant_prod) values ('LOT129', '07-08-2023', 171);
insert into lote (id_lote, fecha_produccion, cant_prod) values ('LOT130', '18-09-2023', 249);
insert into lote (id_lote, fecha_produccion, cant_prod) values ('LOT131', '13-02-2024', 448);
insert into lote (id_lote, fecha_produccion, cant_prod) values ('LOT132', '13-04-2024', 260);
insert into lote (id_lote, fecha_produccion, cant_prod) values ('LOT133', '13-06-2023', 54);
insert into lote (id_lote, fecha_produccion, cant_prod) values ('LOT134', '19-09-2023', 456);
insert into lote (id_lote, fecha_produccion, cant_prod) values ('LOT135', '22-11-2023', 155);
insert into lote (id_lote, fecha_produccion, cant_prod) values ('LOT136', '05-03-2024', 313);
insert into lote (id_lote, fecha_produccion, cant_prod) values ('LOT137', '29-04-2024', 167);
insert into lote (id_lote, fecha_produccion, cant_prod) values ('LOT138', '30-12-2023', 493);
insert into lote (id_lote, fecha_produccion, cant_prod) values ('LOT139', '23-05-2024', 391);
insert into lote (id_lote, fecha_produccion, cant_prod) values ('LOT140', '12-02-2024', 52);
insert into lote (id_lote, fecha_produccion, cant_prod) values ('LOT141', '26-03-2024', 443);
insert into lote (id_lote, fecha_produccion, cant_prod) values ('LOT142', '28-04-2024', 127);
insert into lote (id_lote, fecha_produccion, cant_prod) values ('LOT143', '04-09-2023', 67);
insert into lote (id_lote, fecha_produccion, cant_prod) values ('LOT144', '05-07-2023', 350);
insert into lote (id_lote, fecha_produccion, cant_prod) values ('LOT145', '26-07-2023', 151);
insert into lote (id_lote, fecha_produccion, cant_prod) values ('LOT146', '15-06-2023', 463);
insert into lote (id_lote, fecha_produccion, cant_prod) values ('LOT147', '11-12-2023', 443);
insert into lote (id_lote, fecha_produccion, cant_prod) values ('LOT148', '28-05-2024', 377);
insert into lote (id_lote, fecha_produccion, cant_prod) values ('LOT149', '30-01-2024', 218);
insert into lote (id_lote, fecha_produccion, cant_prod) values ('LOT150', '23-06-2023', 461);
insert into lote (id_lote, fecha_produccion, cant_prod) values ('LOT151', '03-08-2023', 61);
insert into lote (id_lote, fecha_produccion, cant_prod) values ('LOT152', '27-05-2024', 48);
insert into lote (id_lote, fecha_produccion, cant_prod) values ('LOT153', '10-11-2023', 17);
insert into lote (id_lote, fecha_produccion, cant_prod) values ('LOT154', '04-05-2024', 418);
insert into lote (id_lote, fecha_produccion, cant_prod) values ('LOT155', '19-02-2024', 66);
insert into lote (id_lote, fecha_produccion, cant_prod) values ('LOT156', '20-07-2023', 351);
insert into lote (id_lote, fecha_produccion, cant_prod) values ('LOT157', '23-05-2024', 58);
insert into lote (id_lote, fecha_produccion, cant_prod) values ('LOT158', '28-02-2024', 98);
insert into lote (id_lote, fecha_produccion, cant_prod) values ('LOT159', '09-12-2023', 150);
insert into lote (id_lote, fecha_produccion, cant_prod) values ('LOT160', '03-06-2024', 283);
insert into lote (id_lote, fecha_produccion, cant_prod) values ('LOT161', '21-11-2023', 500);
insert into lote (id_lote, fecha_produccion, cant_prod) values ('LOT162', '27-09-2023', 121);
insert into lote (id_lote, fecha_produccion, cant_prod) values ('LOT163', '18-04-2024', 53);
insert into lote (id_lote, fecha_produccion, cant_prod) values ('LOT164', '26-06-2023', 377);
insert into lote (id_lote, fecha_produccion, cant_prod) values ('LOT165', '09-04-2024', 44);
insert into lote (id_lote, fecha_produccion, cant_prod) values ('LOT166', '27-05-2024', 223);
insert into lote (id_lote, fecha_produccion, cant_prod) values ('LOT167', '25-03-2024', 293);
insert into lote (id_lote, fecha_produccion, cant_prod) values ('LOT168', '18-05-2024', 500);
insert into lote (id_lote, fecha_produccion, cant_prod) values ('LOT169', '25-03-2024', 68);
insert into lote (id_lote, fecha_produccion, cant_prod) values ('LOT170', '09-12-2023', 104);
insert into lote (id_lote, fecha_produccion, cant_prod) values ('LOT171', '02-07-2023', 25);
insert into lote (id_lote, fecha_produccion, cant_prod) values ('LOT172', '08-12-2023', 26);
insert into lote (id_lote, fecha_produccion, cant_prod) values ('LOT173', '31-03-2024', 453);
insert into lote (id_lote, fecha_produccion, cant_prod) values ('LOT174', '07-05-2024', 368);
insert into lote (id_lote, fecha_produccion, cant_prod) values ('LOT175', '13-06-2023', 496);
insert into lote (id_lote, fecha_produccion, cant_prod) values ('LOT176', '16-07-2023', 123);
insert into lote (id_lote, fecha_produccion, cant_prod) values ('LOT177', '20-04-2024', 169);
insert into lote (id_lote, fecha_produccion, cant_prod) values ('LOT178', '26-12-2023', 417);
insert into lote (id_lote, fecha_produccion, cant_prod) values ('LOT179', '14-12-2023', 430);
insert into lote (id_lote, fecha_produccion, cant_prod) values ('LOT180', '06-08-2023', 112);
insert into lote (id_lote, fecha_produccion, cant_prod) values ('LOT181', '18-09-2023', 58);
insert into lote (id_lote, fecha_produccion, cant_prod) values ('LOT182', '25-09-2023', 143);
insert into lote (id_lote, fecha_produccion, cant_prod) values ('LOT183', '26-08-2023', 187);
insert into lote (id_lote, fecha_produccion, cant_prod) values ('LOT184', '29-11-2023', 414);
insert into lote (id_lote, fecha_produccion, cant_prod) values ('LOT185', '05-02-2024', 64);
insert into lote (id_lote, fecha_produccion, cant_prod) values ('LOT186', '12-01-2024', 476);
insert into lote (id_lote, fecha_produccion, cant_prod) values ('LOT187', '28-04-2024', 319);
insert into lote (id_lote, fecha_produccion, cant_prod) values ('LOT188', '11-02-2024', 40);
insert into lote (id_lote, fecha_produccion, cant_prod) values ('LOT189', '23-07-2023', 27);
insert into lote (id_lote, fecha_produccion, cant_prod) values ('LOT190', '10-02-2024', 308);
insert into lote (id_lote, fecha_produccion, cant_prod) values ('LOT191', '25-11-2023', 63);
insert into lote (id_lote, fecha_produccion, cant_prod) values ('LOT192', '24-12-2023', 13);
insert into lote (id_lote, fecha_produccion, cant_prod) values ('LOT193', '13-05-2024', 263);
insert into lote (id_lote, fecha_produccion, cant_prod) values ('LOT194', '10-01-2024', 106);
insert into lote (id_lote, fecha_produccion, cant_prod) values ('LOT195', '11-06-2023', 259);
insert into lote (id_lote, fecha_produccion, cant_prod) values ('LOT196', '21-10-2023', 115);
insert into lote (id_lote, fecha_produccion, cant_prod) values ('LOT197', '07-07-2023', 108);
insert into lote (id_lote, fecha_produccion, cant_prod) values ('LOT198', '21-01-2024', 247);
insert into lote (id_lote, fecha_produccion, cant_prod) values ('LOT199', '06-03-2024', 217);
insert into lote (id_lote, fecha_produccion, cant_prod) values ('LOT200', '12-10-2023', 408);

INSERT INTO categoria_taller (id_cate_taller, nom_cate_taller) VALUES
('CTA1', 'Corte'),
('CTA2', 'Confección'),
('CTA3', 'Acabado'),
('CTA4', 'Empaque'),
('CTA5', 'Bordado'),
('CTA6', 'Lavado'),
('CTA7', 'Tintura'),
('CTA8', 'Planchado');

INSERT INTO taller (id_taller, capacidad_taller, id_cate_taller) VALUES
('TAL1', 50, 'CTA1'),
('TAL2', 40, 'CTA2'),
('TAL3', 60, 'CTA3'),
('TAL4', 55, 'CTA4'),
('TAL5', 45, 'CTA5'),
('TAL6', 70, 'CTA6'),
('TAL7', 65, 'CTA7'),
('TAL8', 50, 'CTA8'),
('TAL9', 60, 'CTA1'),
('TAL10', 75, 'CTA2'),
('TAL11', 50, 'CTA3'),
('TAL12', 45, 'CTA4'),
('TAL13', 55, 'CTA5'),
('TAL14', 50, 'CTA6'),
('TAL15', 60, 'CTA7'),
('TAL16', 65, 'CTA8'),
('TAL17', 55, 'CTA1'),
('TAL18', 70, 'CTA2'),
('TAL19', 75, 'CTA3'),
('TAL20', 60, 'CTA4'),
('TAL21', 50, 'CTA5'),
('TAL22', 55, 'CTA6'),
('TAL23', 60, 'CTA7'),
('TAL24', 65, 'CTA8'),
('TAL25', 70, 'CTA1'),
('TAL26', 75, 'CTA2'),
('TAL27', 50, 'CTA3'),
('TAL28', 60, 'CTA4'),
('TAL29', 55, 'CTA5'),
('TAL30', 70, 'CTA6');

  insert into operario (id_operario, dni, prim_nom_op, seg_nom_op, prim_ape_op, seg_ape_op, id_taller) values ('OPE1', '86860182', 'Audrey', 'Westbrook', 'Bignall', 'Kelner', 'TAL30');
  insert into operario (id_operario, dni, prim_nom_op, seg_nom_op, prim_ape_op, seg_ape_op, id_taller) values ('OPE2', '27275929', 'Goldi', 'Craggy', 'Cromack', 'Petkov', 'TAL20');
  insert into operario (id_operario, dni, prim_nom_op, seg_nom_op, prim_ape_op, seg_ape_op, id_taller) values ('OPE3', '14704205', 'Stanford', 'Rab', 'Scrivens', 'Sanz', 'TAL16');
  insert into operario (id_operario, dni, prim_nom_op, seg_nom_op, prim_ape_op, seg_ape_op, id_taller) values ('OPE4', '86502507', 'Kirstin', 'Demetris', 'Troker', 'Ritson', 'TAL16');
  insert into operario (id_operario, dni, prim_nom_op, seg_nom_op, prim_ape_op, seg_ape_op, id_taller) values ('OPE5', '37375498', 'Olvan', 'Jonas', 'Maty', 'Borkett', 'TAL14');
  insert into operario (id_operario, dni, prim_nom_op, seg_nom_op, prim_ape_op, seg_ape_op, id_taller) values ('OPE6', '63783206', 'Ansley', 'Gracie', 'Giovannardi', 'Mabee', 'TAL27');
  insert into operario (id_operario, dni, prim_nom_op, seg_nom_op, prim_ape_op, seg_ape_op, id_taller) values ('OPE7', '43823005', 'Storm', 'Dorelle', 'Craddock', 'Rainbow', 'TAL26');
  insert into operario (id_operario, dni, prim_nom_op, seg_nom_op, prim_ape_op, seg_ape_op, id_taller) values ('OPE8', '16692205', 'Kalinda', 'Webb', 'Jovis', 'Gres', 'TAL30');
  insert into operario (id_operario, dni, prim_nom_op, seg_nom_op, prim_ape_op, seg_ape_op, id_taller) values ('OPE9', '23004875', 'Gillie', 'Kaspar', 'Rosander', 'Timothy', 'TAL21');
  insert into operario (id_operario, dni, prim_nom_op, seg_nom_op, prim_ape_op, seg_ape_op, id_taller) values ('OPE10', '51321282', 'Beck', 'Marje', 'Mc Caughan', 'Hampton', 'TAL15');
  insert into operario (id_operario, dni, prim_nom_op, seg_nom_op, prim_ape_op, seg_ape_op, id_taller) values ('OPE11', '94721928', 'Lynea', 'Mariejeanne', 'Lefley', 'Wallwork', 'TAL22');
  insert into operario (id_operario, dni, prim_nom_op, seg_nom_op, prim_ape_op, seg_ape_op, id_taller) values ('OPE12', '76174029', 'Drusy', 'Gradeigh', 'Linkin', 'Libreros', 'TAL28');
  insert into operario (id_operario, dni, prim_nom_op, seg_nom_op, prim_ape_op, seg_ape_op, id_taller) values ('OPE13', '09202181', 'Ogden', 'Madelyn', 'Loadsman', 'Slatten', 'TAL4');
  insert into operario (id_operario, dni, prim_nom_op, seg_nom_op, prim_ape_op, seg_ape_op, id_taller) values ('OPE14', '22599386', 'Waylan', 'Brena', 'Hayne', 'Wilfing', 'TAL13');
  insert into operario (id_operario, dni, prim_nom_op, seg_nom_op, prim_ape_op, seg_ape_op, id_taller) values ('OPE15', '52099787', 'Ange', 'Mordy', 'Reditt', 'Matchett', 'TAL11');
  insert into operario (id_operario, dni, prim_nom_op, seg_nom_op, prim_ape_op, seg_ape_op, id_taller) values ('OPE16', '45095856', 'Salomi', 'Chlo', 'Bolderson', 'Moehle', 'TAL29');
  insert into operario (id_operario, dni, prim_nom_op, seg_nom_op, prim_ape_op, seg_ape_op, id_taller) values ('OPE17', '90714938', 'Cathee', 'Fidole', 'Woodhams', 'Click', 'TAL6');
  insert into operario (id_operario, dni, prim_nom_op, seg_nom_op, prim_ape_op, seg_ape_op, id_taller) values ('OPE18', '64383523', 'Sandie', 'Meridith', 'Nason', 'Rodenburgh', 'TAL18');
  insert into operario (id_operario, dni, prim_nom_op, seg_nom_op, prim_ape_op, seg_ape_op, id_taller) values ('OPE19', '66073415', 'Juliette', 'Leonora', 'Munns', 'Finlaison', 'TAL9');
  insert into operario (id_operario, dni, prim_nom_op, seg_nom_op, prim_ape_op, seg_ape_op, id_taller) values ('OPE20', '55523212', 'Traci', 'Sigrid', 'Greer', 'Banisch', 'TAL19');
  insert into operario (id_operario, dni, prim_nom_op, seg_nom_op, prim_ape_op, seg_ape_op, id_taller) values ('OPE21', '93509159', 'Ripley', 'Claire', 'Carden', 'Gawn', 'TAL11');
  insert into operario (id_operario, dni, prim_nom_op, seg_nom_op, prim_ape_op, seg_ape_op, id_taller) values ('OPE22', '33831649', 'Ariel', 'Jessy', 'Rayment', 'Porter', 'TAL10');
  insert into operario (id_operario, dni, prim_nom_op, seg_nom_op, prim_ape_op, seg_ape_op, id_taller) values ('OPE23', '11135895', 'Mable', 'Frannie', 'Gullam', 'Preece', 'TAL21');
  insert into operario (id_operario, dni, prim_nom_op, seg_nom_op, prim_ape_op, seg_ape_op, id_taller) values ('OPE24', '72838885', 'Nelle', 'Athena', 'Vasilchenko', 'Honnicott', 'TAL11');
  insert into operario (id_operario, dni, prim_nom_op, seg_nom_op, prim_ape_op, seg_ape_op, id_taller) values ('OPE25', '77775737', 'Francesco', 'Liane', 'Vassay', 'Jancey', 'TAL13');
  insert into operario (id_operario, dni, prim_nom_op, seg_nom_op, prim_ape_op, seg_ape_op, id_taller) values ('OPE26', '88182180', 'Lu', 'Carmen', 'Marcussen', 'Digman', 'TAL8');
  insert into operario (id_operario, dni, prim_nom_op, seg_nom_op, prim_ape_op, seg_ape_op, id_taller) values ('OPE27', '25560048', 'Stefano', 'Sheffy', 'Rignoldes', 'Challenor', 'TAL20');
  insert into operario (id_operario, dni, prim_nom_op, seg_nom_op, prim_ape_op, seg_ape_op, id_taller) values ('OPE28', '59213535', 'Lian', 'Deva', 'Verna', 'Heams', 'TAL19');
  insert into operario (id_operario, dni, prim_nom_op, seg_nom_op, prim_ape_op, seg_ape_op, id_taller) values ('OPE29', '35459020', 'Arman', 'Moishe', 'Rickell', 'Purshouse', 'TAL22');
  insert into operario (id_operario, dni, prim_nom_op, seg_nom_op, prim_ape_op, seg_ape_op, id_taller) values ('OPE30', '86208881', 'Sinclare', 'Vlad', 'Duxbarry', 'Banke', 'TAL9');
  insert into operario (id_operario, dni, prim_nom_op, seg_nom_op, prim_ape_op, seg_ape_op, id_taller) values ('OPE31', '67721898', 'Cleavland', 'Cassie', 'Evins', 'O''Clery', 'TAL3');
  insert into operario (id_operario, dni, prim_nom_op, seg_nom_op, prim_ape_op, seg_ape_op, id_taller) values ('OPE32', '06082078', 'Frans', 'Bartholomeo', 'Parker', 'Peagrim', 'TAL25');
  insert into operario (id_operario, dni, prim_nom_op, seg_nom_op, prim_ape_op, seg_ape_op, id_taller) values ('OPE33', '01728167', 'Stacey', 'Lonny', 'Kenway', 'Grimwade', 'TAL28');
  insert into operario (id_operario, dni, prim_nom_op, seg_nom_op, prim_ape_op, seg_ape_op, id_taller) values ('OPE34', '99286392', 'Sayers', 'Felisha', 'Pudsey', 'Colleer', 'TAL29');
  insert into operario (id_operario, dni, prim_nom_op, seg_nom_op, prim_ape_op, seg_ape_op, id_taller) values ('OPE35', '77267233', 'Debbi', 'Louise', 'Benyan', 'Lehrian', 'TAL19');
  insert into operario (id_operario, dni, prim_nom_op, seg_nom_op, prim_ape_op, seg_ape_op, id_taller) values ('OPE36', '03664744', 'Rubi', 'Gerrilee', 'Harmond', 'MacClay', 'TAL2');
  insert into operario (id_operario, dni, prim_nom_op, seg_nom_op, prim_ape_op, seg_ape_op, id_taller) values ('OPE37', '05196859', 'Nolly', 'Margaretta', 'Rapin', 'Olohan', 'TAL6');
  insert into operario (id_operario, dni, prim_nom_op, seg_nom_op, prim_ape_op, seg_ape_op, id_taller) values ('OPE38', '35480340', 'Forest', 'Brock', 'Buttle', 'Boggis', 'TAL26');
  insert into operario (id_operario, dni, prim_nom_op, seg_nom_op, prim_ape_op, seg_ape_op, id_taller) values ('OPE39', '54109827', 'Terri-jo', 'Berta', 'Allabush', 'Ties', 'TAL3');
  insert into operario (id_operario, dni, prim_nom_op, seg_nom_op, prim_ape_op, seg_ape_op, id_taller) values ('OPE40', '77344878', 'Giff', 'Kippie', 'Lowndsbrough', 'Ping', 'TAL27');
  insert into operario (id_operario, dni, prim_nom_op, seg_nom_op, prim_ape_op, seg_ape_op, id_taller) values ('OPE41', '89464719', 'Morris', 'Abbot', 'Gabbitis', 'Deare', 'TAL10');
  insert into operario (id_operario, dni, prim_nom_op, seg_nom_op, prim_ape_op, seg_ape_op, id_taller) values ('OPE42', '05358596', 'Kameko', 'Leonhard', 'Deviney', 'Davidove', 'TAL18');
  insert into operario (id_operario, dni, prim_nom_op, seg_nom_op, prim_ape_op, seg_ape_op, id_taller) values ('OPE43', '78460292', 'Anatola', 'Benoite', 'Bottini', 'Stirman', 'TAL28');
  insert into operario (id_operario, dni, prim_nom_op, seg_nom_op, prim_ape_op, seg_ape_op, id_taller) values ('OPE44', '95078617', 'Colene', 'Siward', 'Smalecombe', 'Bagwell', 'TAL27');
  insert into operario (id_operario, dni, prim_nom_op, seg_nom_op, prim_ape_op, seg_ape_op, id_taller) values ('OPE45', '78683253', 'Andy', 'Suzette', 'Whiff', 'Burgott', 'TAL11');
  insert into operario (id_operario, dni, prim_nom_op, seg_nom_op, prim_ape_op, seg_ape_op, id_taller) values ('OPE46', '58056671', 'Crystie', 'Teri', 'Stockin', 'Bordman', 'TAL26');
  insert into operario (id_operario, dni, prim_nom_op, seg_nom_op, prim_ape_op, seg_ape_op, id_taller) values ('OPE47', '38401474', 'Winny', 'Gillian', 'Farryann', 'Bows', 'TAL6');
  insert into operario (id_operario, dni, prim_nom_op, seg_nom_op, prim_ape_op, seg_ape_op, id_taller) values ('OPE48', '25558842', 'Karisa', 'Catherina', 'Hastwall', 'Grigoliis', 'TAL25');
  insert into operario (id_operario, dni, prim_nom_op, seg_nom_op, prim_ape_op, seg_ape_op, id_taller) values ('OPE49', '93593617', 'Ulrick', 'Ingaborg', 'Clement', 'Casley', 'TAL18');
  insert into operario (id_operario, dni, prim_nom_op, seg_nom_op, prim_ape_op, seg_ape_op, id_taller) values ('OPE50', '35385567', 'Genevra', 'Hyacinthie', 'Pocklington', 'Wynter', 'TAL17');
  insert into operario (id_operario, dni, prim_nom_op, seg_nom_op, prim_ape_op, seg_ape_op, id_taller) values ('OPE51', '85378175', 'Roobbie', 'Reagan', 'Trumper', 'Garlant', 'TAL25');
  insert into operario (id_operario, dni, prim_nom_op, seg_nom_op, prim_ape_op, seg_ape_op, id_taller) values ('OPE52', '22601454', 'Spence', 'Daffy', 'Peche', 'Scotland', 'TAL17');
  insert into operario (id_operario, dni, prim_nom_op, seg_nom_op, prim_ape_op, seg_ape_op, id_taller) values ('OPE53', '61228182', 'Gusty', 'Daisey', 'Frankema', 'Costigan', 'TAL24');
  insert into operario (id_operario, dni, prim_nom_op, seg_nom_op, prim_ape_op, seg_ape_op, id_taller) values ('OPE54', '76136563', 'Roana', 'Ozzy', 'Heyward', 'Tudball', 'TAL5');
  insert into operario (id_operario, dni, prim_nom_op, seg_nom_op, prim_ape_op, seg_ape_op, id_taller) values ('OPE55', '91354687', 'Donal', 'Katey', 'Titterton', 'Peaseman', 'TAL22');
  insert into operario (id_operario, dni, prim_nom_op, seg_nom_op, prim_ape_op, seg_ape_op, id_taller) values ('OPE56', '22581671', 'Estrellita', 'Nananne', 'Trosdall', 'Kindleysides', 'TAL14');
  insert into operario (id_operario, dni, prim_nom_op, seg_nom_op, prim_ape_op, seg_ape_op, id_taller) values ('OPE57', '78222957', 'Keefe', 'Rhona', 'Maggiori', 'Rosenau', 'TAL11');
  insert into operario (id_operario, dni, prim_nom_op, seg_nom_op, prim_ape_op, seg_ape_op, id_taller) values ('OPE58', '16510686', 'Dorothy', 'Artair', 'Dendon', 'Raff', 'TAL6');
  insert into operario (id_operario, dni, prim_nom_op, seg_nom_op, prim_ape_op, seg_ape_op, id_taller) values ('OPE59', '77140752', 'Elicia', 'Etta', 'Toomer', 'Flew', 'TAL28');
  insert into operario (id_operario, dni, prim_nom_op, seg_nom_op, prim_ape_op, seg_ape_op, id_taller) values ('OPE60', '66170901', 'Carola', 'Jocelyne', 'Fredy', 'Dufall', 'TAL1');
  insert into operario (id_operario, dni, prim_nom_op, seg_nom_op, prim_ape_op, seg_ape_op, id_taller) values ('OPE61', '11717513', 'Evelyn', 'Celina', 'Fibbens', 'Deex', 'TAL3');
  insert into operario (id_operario, dni, prim_nom_op, seg_nom_op, prim_ape_op, seg_ape_op, id_taller) values ('OPE62', '72942068', 'Neddy', 'Lee', 'Mc Coughan', 'Guyver', 'TAL2');
  insert into operario (id_operario, dni, prim_nom_op, seg_nom_op, prim_ape_op, seg_ape_op, id_taller) values ('OPE63', '64550651', 'Sianna', 'Edwina', 'Masedon', 'Scotchmor', 'TAL28');
  insert into operario (id_operario, dni, prim_nom_op, seg_nom_op, prim_ape_op, seg_ape_op, id_taller) values ('OPE64', '92461942', 'Eugene', 'Karlis', 'Szymanowski', 'Dyshart', 'TAL4');
  insert into operario (id_operario, dni, prim_nom_op, seg_nom_op, prim_ape_op, seg_ape_op, id_taller) values ('OPE65', '43606577', 'Jeri', 'Gretna', 'Folke', 'McPhater', 'TAL22');
  insert into operario (id_operario, dni, prim_nom_op, seg_nom_op, prim_ape_op, seg_ape_op, id_taller) values ('OPE66', '22492276', 'Miguelita', 'Worden', 'Earwicker', 'Presnail', 'TAL19');
  insert into operario (id_operario, dni, prim_nom_op, seg_nom_op, prim_ape_op, seg_ape_op, id_taller) values ('OPE67', '29901051', 'Liesa', 'Rudie', 'Smees', 'Defew', 'TAL8');
  insert into operario (id_operario, dni, prim_nom_op, seg_nom_op, prim_ape_op, seg_ape_op, id_taller) values ('OPE68', '36840109', 'Ad', 'Daisey', 'Blackney', 'Crouse', 'TAL23');
  insert into operario (id_operario, dni, prim_nom_op, seg_nom_op, prim_ape_op, seg_ape_op, id_taller) values ('OPE69', '03087813', 'Ollie', 'Irvine', 'Filyaev', 'Pople', 'TAL25');
  insert into operario (id_operario, dni, prim_nom_op, seg_nom_op, prim_ape_op, seg_ape_op, id_taller) values ('OPE70', '18310165', 'Mary', 'Pablo', 'Kopisch', 'Osbaldeston', 'TAL9');
  insert into operario (id_operario, dni, prim_nom_op, seg_nom_op, prim_ape_op, seg_ape_op, id_taller) values ('OPE71', '79460205', 'Willey', 'Horst', 'Allnatt', 'Gronaller', 'TAL27');
  insert into operario (id_operario, dni, prim_nom_op, seg_nom_op, prim_ape_op, seg_ape_op, id_taller) values ('OPE72', '09436119', 'Jana', 'Dieter', 'Shallow', 'Tondeur', 'TAL21');
  insert into operario (id_operario, dni, prim_nom_op, seg_nom_op, prim_ape_op, seg_ape_op, id_taller) values ('OPE73', '49598657', 'Farly', 'Claudine', 'Gilardoni', 'Rolfs', 'TAL13');
  insert into operario (id_operario, dni, prim_nom_op, seg_nom_op, prim_ape_op, seg_ape_op, id_taller) values ('OPE74', '76895280', 'Bethina', 'Ethelbert', 'MacRinn', 'Blanchette', 'TAL3');
  insert into operario (id_operario, dni, prim_nom_op, seg_nom_op, prim_ape_op, seg_ape_op, id_taller) values ('OPE75', '41129417', 'Candis', 'Francene', 'Klausen', 'Risson', 'TAL6');
  insert into operario (id_operario, dni, prim_nom_op, seg_nom_op, prim_ape_op, seg_ape_op, id_taller) values ('OPE76', '40530705', 'Thatcher', 'Clementine', 'Oglethorpe', 'Beedham', 'TAL28');
  insert into operario (id_operario, dni, prim_nom_op, seg_nom_op, prim_ape_op, seg_ape_op, id_taller) values ('OPE77', '98480962', 'Garrek', 'Emmalynne', 'Youngs', 'Luty', 'TAL29');
  insert into operario (id_operario, dni, prim_nom_op, seg_nom_op, prim_ape_op, seg_ape_op, id_taller) values ('OPE78', '54953303', 'Zara', 'Dahlia', 'Butland', 'Harhoff', 'TAL16');
  insert into operario (id_operario, dni, prim_nom_op, seg_nom_op, prim_ape_op, seg_ape_op, id_taller) values ('OPE79', '62689532', 'Pip', 'Simone', 'Piscotti', 'Futty', 'TAL23');
  insert into operario (id_operario, dni, prim_nom_op, seg_nom_op, prim_ape_op, seg_ape_op, id_taller) values ('OPE80', '79402914', 'Dexter', 'Ninetta', 'Rait', 'Hurrell', 'TAL14');
  insert into operario (id_operario, dni, prim_nom_op, seg_nom_op, prim_ape_op, seg_ape_op, id_taller) values ('OPE81', '64445487', 'Elias', 'Kendall', 'Zouch', 'Boyd', 'TAL16');
  insert into operario (id_operario, dni, prim_nom_op, seg_nom_op, prim_ape_op, seg_ape_op, id_taller) values ('OPE82', '19256842', 'Talya', 'L;urette', 'Borrill', 'Dagnall', 'TAL7');
  insert into operario (id_operario, dni, prim_nom_op, seg_nom_op, prim_ape_op, seg_ape_op, id_taller) values ('OPE83', '47748706', 'Bartholomeus', 'Peter', 'Pacht', 'Aizikovitch', 'TAL30');
  insert into operario (id_operario, dni, prim_nom_op, seg_nom_op, prim_ape_op, seg_ape_op, id_taller) values ('OPE84', '07568883', 'Kienan', 'Yance', 'Scriviner', 'Cheake', 'TAL27');
  insert into operario (id_operario, dni, prim_nom_op, seg_nom_op, prim_ape_op, seg_ape_op, id_taller) values ('OPE85', '65061591', 'Stephie', 'Abdel', 'Chasle', 'Pentecust', 'TAL2');
  insert into operario (id_operario, dni, prim_nom_op, seg_nom_op, prim_ape_op, seg_ape_op, id_taller) values ('OPE86', '07762283', 'Brandon', 'Karine', 'Lissemore', 'Leggen', 'TAL27');
  insert into operario (id_operario, dni, prim_nom_op, seg_nom_op, prim_ape_op, seg_ape_op, id_taller) values ('OPE87', '94938936', 'Bernete', 'Conway', 'Beekmann', 'Dibley', 'TAL13');
  insert into operario (id_operario, dni, prim_nom_op, seg_nom_op, prim_ape_op, seg_ape_op, id_taller) values ('OPE88', '96632238', 'Ally', 'Winona', 'Hogben', 'Ashworth', 'TAL23');
  insert into operario (id_operario, dni, prim_nom_op, seg_nom_op, prim_ape_op, seg_ape_op, id_taller) values ('OPE89', '64880146', 'Victor', 'Otto', 'Ivasechko', 'Minney', 'TAL22');
  insert into operario (id_operario, dni, prim_nom_op, seg_nom_op, prim_ape_op, seg_ape_op, id_taller) values ('OPE90', '98566534', 'Benetta', 'Vivyan', 'Rupprecht', 'Cowling', 'TAL21');
  insert into operario (id_operario, dni, prim_nom_op, seg_nom_op, prim_ape_op, seg_ape_op, id_taller) values ('OPE91', '94945161', 'Luelle', 'Ethel', 'Brunner', 'Karet', 'TAL19');
  insert into operario (id_operario, dni, prim_nom_op, seg_nom_op, prim_ape_op, seg_ape_op, id_taller) values ('OPE92', '95922158', 'Bertha', 'Henrieta', 'Hancell', 'Cousins', 'TAL26');
  insert into operario (id_operario, dni, prim_nom_op, seg_nom_op, prim_ape_op, seg_ape_op, id_taller) values ('OPE93', '26660891', 'Gunter', 'Sanderson', 'Mariot', 'Oxbrow', 'TAL9');
  insert into operario (id_operario, dni, prim_nom_op, seg_nom_op, prim_ape_op, seg_ape_op, id_taller) values ('OPE94', '74106253', 'Fernande', 'Ortensia', 'Rignoldes', 'Bartlam', 'TAL14');
  insert into operario (id_operario, dni, prim_nom_op, seg_nom_op, prim_ape_op, seg_ape_op, id_taller) values ('OPE95', '29203352', 'Bryana', 'Olav', 'Lauchlan', 'Wardhaw', 'TAL16');
  insert into operario (id_operario, dni, prim_nom_op, seg_nom_op, prim_ape_op, seg_ape_op, id_taller) values ('OPE96', '88485992', 'Candi', 'Andy', 'DeSousa', 'Beynke', 'TAL2');
  insert into operario (id_operario, dni, prim_nom_op, seg_nom_op, prim_ape_op, seg_ape_op, id_taller) values ('OPE97', '09423430', 'Matti', 'Roz', 'Shovlar', 'Stefanovic', 'TAL12');
  insert into operario (id_operario, dni, prim_nom_op, seg_nom_op, prim_ape_op, seg_ape_op, id_taller) values ('OPE98', '79990884', 'Edlin', 'Gayel', 'Haselgrove', 'Shipp', 'TAL14');
  insert into operario (id_operario, dni, prim_nom_op, seg_nom_op, prim_ape_op, seg_ape_op, id_taller) values ('OPE99', '74835674', 'Brunhilda', 'Lyda', 'Adhams', 'Banaszewski', 'TAL20');
  insert into operario (id_operario, dni, prim_nom_op, seg_nom_op, prim_ape_op, seg_ape_op, id_taller) values ('OPE100', '86418091', 'Glenine', 'Abdul', 'Fairbridge', 'Loweth', 'TAL9');
  insert into operario (id_operario, dni, prim_nom_op, seg_nom_op, prim_ape_op, seg_ape_op, id_taller) values ('OPE101', '29923684', 'Taddeo', 'Greta', 'Luby', 'Gemlbett', 'TAL22');
  insert into operario (id_operario, dni, prim_nom_op, seg_nom_op, prim_ape_op, seg_ape_op, id_taller) values ('OPE102', '13125551', 'Sorcha', 'Sue', 'Ricarde', 'Girodon', 'TAL28');
  insert into operario (id_operario, dni, prim_nom_op, seg_nom_op, prim_ape_op, seg_ape_op, id_taller) values ('OPE103', '04784627', 'Elli', 'Betti', 'Dongles', 'Giraudeau', 'TAL30');
  insert into operario (id_operario, dni, prim_nom_op, seg_nom_op, prim_ape_op, seg_ape_op, id_taller) values ('OPE104', '93989652', 'Rosamond', 'Morgan', 'Konertz', 'Duffer', 'TAL18');
  insert into operario (id_operario, dni, prim_nom_op, seg_nom_op, prim_ape_op, seg_ape_op, id_taller) values ('OPE105', '17122094', 'Frederique', 'Tami', 'Standell', 'Bortolozzi', 'TAL26');
  insert into operario (id_operario, dni, prim_nom_op, seg_nom_op, prim_ape_op, seg_ape_op, id_taller) values ('OPE106', '86121087', 'Delila', 'Samuele', 'Saintpierre', 'Hugland', 'TAL26');
  insert into operario (id_operario, dni, prim_nom_op, seg_nom_op, prim_ape_op, seg_ape_op, id_taller) values ('OPE107', '53180681', 'Rickert', 'Izabel', 'Heeney', 'Ferne', 'TAL3');
  insert into operario (id_operario, dni, prim_nom_op, seg_nom_op, prim_ape_op, seg_ape_op, id_taller) values ('OPE108', '40262432', 'Caz', 'Remus', 'Doerffer', 'Santello', 'TAL9');
  insert into operario (id_operario, dni, prim_nom_op, seg_nom_op, prim_ape_op, seg_ape_op, id_taller) values ('OPE109', '69790003', 'Rozelle', 'Denys', 'Rubanenko', 'Kanzler', 'TAL18');
  insert into operario (id_operario, dni, prim_nom_op, seg_nom_op, prim_ape_op, seg_ape_op, id_taller) values ('OPE110', '37737615', 'Land', 'Jessalyn', 'Lathy', 'Ferrari', 'TAL17');
  insert into operario (id_operario, dni, prim_nom_op, seg_nom_op, prim_ape_op, seg_ape_op, id_taller) values ('OPE111', '79929176', 'Kally', 'Gene', 'McQuode', 'Yetts', 'TAL5');
  insert into operario (id_operario, dni, prim_nom_op, seg_nom_op, prim_ape_op, seg_ape_op, id_taller) values ('OPE112', '29242250', 'Lishe', 'Patty', 'Luton', 'Baruch', 'TAL7');
  insert into operario (id_operario, dni, prim_nom_op, seg_nom_op, prim_ape_op, seg_ape_op, id_taller) values ('OPE113', '31232463', 'King', 'Karilynn', 'Anstice', 'Colling', 'TAL27');
  insert into operario (id_operario, dni, prim_nom_op, seg_nom_op, prim_ape_op, seg_ape_op, id_taller) values ('OPE114', '88816930', 'Stephen', 'Claudius', 'Lerego', 'Norrie', 'TAL4');
  insert into operario (id_operario, dni, prim_nom_op, seg_nom_op, prim_ape_op, seg_ape_op, id_taller) values ('OPE115', '27668317', 'Fredi', 'Clarke', 'Tolomei', 'Mettrick', 'TAL17');
  insert into operario (id_operario, dni, prim_nom_op, seg_nom_op, prim_ape_op, seg_ape_op, id_taller) values ('OPE116', '35729394', 'Flossie', 'Avis', 'Salliere', 'Brolan', 'TAL15');
  insert into operario (id_operario, dni, prim_nom_op, seg_nom_op, prim_ape_op, seg_ape_op, id_taller) values ('OPE117', '62603699', 'Jacinda', 'Fleming', 'Clawe', 'Greatorex', 'TAL14');
  insert into operario (id_operario, dni, prim_nom_op, seg_nom_op, prim_ape_op, seg_ape_op, id_taller) values ('OPE118', '69680109', 'Ruperta', 'Angeli', 'Shapera', 'Rawlin', 'TAL25');
  insert into operario (id_operario, dni, prim_nom_op, seg_nom_op, prim_ape_op, seg_ape_op, id_taller) values ('OPE119', '01314122', 'Bink', 'Noellyn', 'Mateo', 'Rock', 'TAL22');
  insert into operario (id_operario, dni, prim_nom_op, seg_nom_op, prim_ape_op, seg_ape_op, id_taller) values ('OPE120', '72072754', 'Dominic', 'Steward', 'Stout', 'Krates', 'TAL6');
  insert into operario (id_operario, dni, prim_nom_op, seg_nom_op, prim_ape_op, seg_ape_op, id_taller) values ('OPE121', '34665468', 'Trudey', 'Barnett', 'Blackey', 'Jee', 'TAL16');
  insert into operario (id_operario, dni, prim_nom_op, seg_nom_op, prim_ape_op, seg_ape_op, id_taller) values ('OPE122', '83896519', 'Winifield', 'Lek', 'Pamplin', 'Littlejohns', 'TAL24');
  insert into operario (id_operario, dni, prim_nom_op, seg_nom_op, prim_ape_op, seg_ape_op, id_taller) values ('OPE123', '77508050', 'Lonnard', 'Joell', 'Gennerich', 'Drought', 'TAL18');
  insert into operario (id_operario, dni, prim_nom_op, seg_nom_op, prim_ape_op, seg_ape_op, id_taller) values ('OPE124', '86313432', 'Zack', 'Rachael', 'Battey', 'Lowry', 'TAL9');
  insert into operario (id_operario, dni, prim_nom_op, seg_nom_op, prim_ape_op, seg_ape_op, id_taller) values ('OPE125', '56983157', 'Tamma', 'Tripp', 'Kenafaque', 'Cona', 'TAL22');
  insert into operario (id_operario, dni, prim_nom_op, seg_nom_op, prim_ape_op, seg_ape_op, id_taller) values ('OPE126', '12766035', 'Roanna', 'Dyanna', 'Blatcher', 'Eadmead', 'TAL5');
  insert into operario (id_operario, dni, prim_nom_op, seg_nom_op, prim_ape_op, seg_ape_op, id_taller) values ('OPE127', '93579032', 'Ursa', 'Georgie', 'Stovell', 'Peteri', 'TAL4');
  insert into operario (id_operario, dni, prim_nom_op, seg_nom_op, prim_ape_op, seg_ape_op, id_taller) values ('OPE128', '41029897', 'Northrop', 'Novelia', 'Ghilardini', 'Jirsa', 'TAL4');
  insert into operario (id_operario, dni, prim_nom_op, seg_nom_op, prim_ape_op, seg_ape_op, id_taller) values ('OPE129', '30080374', 'Lotte', 'Terri-jo', 'Gilbey', 'Chiommienti', 'TAL23');
  insert into operario (id_operario, dni, prim_nom_op, seg_nom_op, prim_ape_op, seg_ape_op, id_taller) values ('OPE130', '61162580', 'Stacy', 'Trula', 'Studart', 'Beinisch', 'TAL1');
  insert into operario (id_operario, dni, prim_nom_op, seg_nom_op, prim_ape_op, seg_ape_op, id_taller) values ('OPE131', '99747783', 'Jone', 'Hubert', 'Deplacido', 'Betteson', 'TAL22');
  insert into operario (id_operario, dni, prim_nom_op, seg_nom_op, prim_ape_op, seg_ape_op, id_taller) values ('OPE132', '17346758', 'Stacy', 'Dolli', 'Bowring', 'Fandrey', 'TAL17');
  insert into operario (id_operario, dni, prim_nom_op, seg_nom_op, prim_ape_op, seg_ape_op, id_taller) values ('OPE133', '93077674', 'Ashli', 'Morty', 'Fawckner', 'Kurt', 'TAL7');
  insert into operario (id_operario, dni, prim_nom_op, seg_nom_op, prim_ape_op, seg_ape_op, id_taller) values ('OPE134', '93767281', 'Bobbee', 'Sander', 'Rudeyeard', 'Clements', 'TAL2');
  insert into operario (id_operario, dni, prim_nom_op, seg_nom_op, prim_ape_op, seg_ape_op, id_taller) values ('OPE135', '86121265', 'Baldwin', 'Claire', 'Vales', 'Chidzoy', 'TAL30');
  insert into operario (id_operario, dni, prim_nom_op, seg_nom_op, prim_ape_op, seg_ape_op, id_taller) values ('OPE136', '34392852', 'Ailsun', 'Filmer', 'Cavil', 'Doorly', 'TAL14');
  insert into operario (id_operario, dni, prim_nom_op, seg_nom_op, prim_ape_op, seg_ape_op, id_taller) values ('OPE137', '89712617', 'Wit', 'Clywd', 'Matuska', 'Priestnall', 'TAL17');
  insert into operario (id_operario, dni, prim_nom_op, seg_nom_op, prim_ape_op, seg_ape_op, id_taller) values ('OPE138', '73533040', 'Arny', 'Kingsly', 'Dolton', 'Yvens', 'TAL4');
  insert into operario (id_operario, dni, prim_nom_op, seg_nom_op, prim_ape_op, seg_ape_op, id_taller) values ('OPE139', '32033368', 'Miof mela', 'Zollie', 'Van der Brug', 'Goulston', 'TAL4');
  insert into operario (id_operario, dni, prim_nom_op, seg_nom_op, prim_ape_op, seg_ape_op, id_taller) values ('OPE140', '65416185', 'Sidonnie', 'Jesselyn', 'Ree', 'Hatliff', 'TAL14');
  insert into operario (id_operario, dni, prim_nom_op, seg_nom_op, prim_ape_op, seg_ape_op, id_taller) values ('OPE141', '01824741', 'Marabel', 'Hasheem', 'Murphy', 'Troni', 'TAL23');
  insert into operario (id_operario, dni, prim_nom_op, seg_nom_op, prim_ape_op, seg_ape_op, id_taller) values ('OPE142', '31087540', 'Randolph', 'Antonietta', 'Panther', 'Mackilpatrick', 'TAL12');
  insert into operario (id_operario, dni, prim_nom_op, seg_nom_op, prim_ape_op, seg_ape_op, id_taller) values ('OPE143', '98871409', 'Rollie', 'Deanna', 'Snoxill', 'Guillon', 'TAL17');
  insert into operario (id_operario, dni, prim_nom_op, seg_nom_op, prim_ape_op, seg_ape_op, id_taller) values ('OPE144', '61193730', 'Wynn', 'Inez', 'Grabb', 'Dungey', 'TAL21');
  insert into operario (id_operario, dni, prim_nom_op, seg_nom_op, prim_ape_op, seg_ape_op, id_taller) values ('OPE145', '71408156', 'Sharona', 'Morly', 'Jendrich', 'Ludovico', 'TAL20');
  insert into operario (id_operario, dni, prim_nom_op, seg_nom_op, prim_ape_op, seg_ape_op, id_taller) values ('OPE146', '10604640', 'Sander', 'Noelani', 'Ellif', 'Dalbey', 'TAL2');
  insert into operario (id_operario, dni, prim_nom_op, seg_nom_op, prim_ape_op, seg_ape_op, id_taller) values ('OPE147', '49308406', 'Dredi', 'Marcel', 'Wraight', 'Ruit', 'TAL20');
  insert into operario (id_operario, dni, prim_nom_op, seg_nom_op, prim_ape_op, seg_ape_op, id_taller) values ('OPE148', '56256653', 'Zonda', 'Richy', 'Craxford', 'Brosnan', 'TAL22');
  insert into operario (id_operario, dni, prim_nom_op, seg_nom_op, prim_ape_op, seg_ape_op, id_taller) values ('OPE149', '91906021', 'Dion', 'Morna', 'Whistlecroft', 'Guly', 'TAL13');
  insert into operario (id_operario, dni, prim_nom_op, seg_nom_op, prim_ape_op, seg_ape_op, id_taller) values ('OPE150', '12824351', 'Berti', 'Lin', 'Lebang', 'O'' Mullan', 'TAL23');
  insert into operario (id_operario, dni, prim_nom_op, seg_nom_op, prim_ape_op, seg_ape_op, id_taller) values ('OPE151', '97651414', 'Claretta', 'Desiree', 'Mingo', 'Branno', 'TAL18');
  insert into operario (id_operario, dni, prim_nom_op, seg_nom_op, prim_ape_op, seg_ape_op, id_taller) values ('OPE152', '52348593', 'Nico', 'Willamina', 'McLeish', 'Kitchingman', 'TAL23');
  insert into operario (id_operario, dni, prim_nom_op, seg_nom_op, prim_ape_op, seg_ape_op, id_taller) values ('OPE153', '93716368', 'Augustine', 'Marna', 'Gait', 'Constant', 'TAL8');
  insert into operario (id_operario, dni, prim_nom_op, seg_nom_op, prim_ape_op, seg_ape_op, id_taller) values ('OPE154', '20775846', 'Humfrey', 'Dion', 'Yonge', 'Kingett', 'TAL3');
  insert into operario (id_operario, dni, prim_nom_op, seg_nom_op, prim_ape_op, seg_ape_op, id_taller) values ('OPE155', '84197327', 'Stafani', 'Corrinne', 'Seggie', 'Anwyl', 'TAL23');
  insert into operario (id_operario, dni, prim_nom_op, seg_nom_op, prim_ape_op, seg_ape_op, id_taller) values ('OPE156', '49496749', 'Sig', 'Tobias', 'Jenoure', 'Cogdon', 'TAL9');
  insert into operario (id_operario, dni, prim_nom_op, seg_nom_op, prim_ape_op, seg_ape_op, id_taller) values ('OPE157', '16555368', 'Hynda', 'Zitella', 'Brumen', 'D''Andrea', 'TAL22');
  insert into operario (id_operario, dni, prim_nom_op, seg_nom_op, prim_ape_op, seg_ape_op, id_taller) values ('OPE158', '69843793', 'Gertrude', 'Larissa', 'Briscam', 'Verriour', 'TAL1');
  insert into operario (id_operario, dni, prim_nom_op, seg_nom_op, prim_ape_op, seg_ape_op, id_taller) values ('OPE159', '77289575', 'Anthe', 'Marjory', 'Almey', 'Lenin', 'TAL24');
  insert into operario (id_operario, dni, prim_nom_op, seg_nom_op, prim_ape_op, seg_ape_op, id_taller) values ('OPE160', '25053545', 'Melisent', 'Trude', 'Pedersen', 'Newton', 'TAL20');
  insert into operario (id_operario, dni, prim_nom_op, seg_nom_op, prim_ape_op, seg_ape_op, id_taller) values ('OPE161', '72456518', 'Tadeas', 'Celia', 'Ledster', 'Cranke', 'TAL6');
  insert into operario (id_operario, dni, prim_nom_op, seg_nom_op, prim_ape_op, seg_ape_op, id_taller) values ('OPE162', '38586905', 'Finley', 'Dasie', 'Cheeke', 'Yuranovev', 'TAL20');
  insert into operario (id_operario, dni, prim_nom_op, seg_nom_op, prim_ape_op, seg_ape_op, id_taller) values ('OPE163', '56447075', 'Marlow', 'Juieta', 'Mealand', 'Gaber', 'TAL22');
  insert into operario (id_operario, dni, prim_nom_op, seg_nom_op, prim_ape_op, seg_ape_op, id_taller) values ('OPE164', '16157466', 'Tatum', 'Fiona', 'Mucklow', 'Haggard', 'TAL30');
  insert into operario (id_operario, dni, prim_nom_op, seg_nom_op, prim_ape_op, seg_ape_op, id_taller) values ('OPE165', '16938257', 'Julianna', 'Lynnell', 'Cordeau', 'Goman', 'TAL20');
  insert into operario (id_operario, dni, prim_nom_op, seg_nom_op, prim_ape_op, seg_ape_op, id_taller) values ('OPE166', '65571160', 'Luis', 'Judy', 'MacKnight', 'Kighly', 'TAL19');
  insert into operario (id_operario, dni, prim_nom_op, seg_nom_op, prim_ape_op, seg_ape_op, id_taller) values ('OPE167', '75879980', 'Brear', 'Ree', 'Grasser', 'Uff', 'TAL29');
  insert into operario (id_operario, dni, prim_nom_op, seg_nom_op, prim_ape_op, seg_ape_op, id_taller) values ('OPE168', '62638696', 'Ari', 'Mariele', 'Henke', 'McGooch', 'TAL29');
  insert into operario (id_operario, dni, prim_nom_op, seg_nom_op, prim_ape_op, seg_ape_op, id_taller) values ('OPE169', '28386690', 'Bronnie', 'Emanuel', 'Bramford', 'Swanton', 'TAL26');
  insert into operario (id_operario, dni, prim_nom_op, seg_nom_op, prim_ape_op, seg_ape_op, id_taller) values ('OPE170', '26292457', 'Florentia', 'Sean', 'Barents', 'Mellsop', 'TAL14');
  insert into operario (id_operario, dni, prim_nom_op, seg_nom_op, prim_ape_op, seg_ape_op, id_taller) values ('OPE171', '99123847', 'Netty', 'Ynez', 'Oglevie', 'Castelletti', 'TAL19');
  insert into operario (id_operario, dni, prim_nom_op, seg_nom_op, prim_ape_op, seg_ape_op, id_taller) values ('OPE172', '13293033', 'Clywd', 'Kinna', 'Clamp', 'Rummer', 'TAL7');
  insert into operario (id_operario, dni, prim_nom_op, seg_nom_op, prim_ape_op, seg_ape_op, id_taller) values ('OPE173', '42166083', 'Micheil', 'Lisabeth', 'Trood', 'Matonin', 'TAL17');
  insert into operario (id_operario, dni, prim_nom_op, seg_nom_op, prim_ape_op, seg_ape_op, id_taller) values ('OPE174', '36821529', 'Shirl', 'Fidela', 'Sheraton', 'Isted', 'TAL7');
  insert into operario (id_operario, dni, prim_nom_op, seg_nom_op, prim_ape_op, seg_ape_op, id_taller) values ('OPE175', '28103797', 'Laraine', 'Jack', 'Newcom', 'Kemetz', 'TAL2');
  insert into operario (id_operario, dni, prim_nom_op, seg_nom_op, prim_ape_op, seg_ape_op, id_taller) values ('OPE176', '63274558', 'Bing', 'Blaine', 'Danielsson', 'Iorizzi', 'TAL16');
  insert into operario (id_operario, dni, prim_nom_op, seg_nom_op, prim_ape_op, seg_ape_op, id_taller) values ('OPE177', '88528489', 'Cody', 'Ellene', 'Cottisford', 'Chard', 'TAL14');
  insert into operario (id_operario, dni, prim_nom_op, seg_nom_op, prim_ape_op, seg_ape_op, id_taller) values ('OPE178', '75777130', 'Gav', 'Niles', 'Janzen', 'Jeffs', 'TAL7');
  insert into operario (id_operario, dni, prim_nom_op, seg_nom_op, prim_ape_op, seg_ape_op, id_taller) values ('OPE179', '38406322', 'Wally', 'Britt', 'Darrigoe', 'Tinline', 'TAL9');
  insert into operario (id_operario, dni, prim_nom_op, seg_nom_op, prim_ape_op, seg_ape_op, id_taller) values ('OPE180', '19662382', 'Merilee', 'Stacy', 'Grimbaldeston', 'Gretton', 'TAL28');
  insert into operario (id_operario, dni, prim_nom_op, seg_nom_op, prim_ape_op, seg_ape_op, id_taller) values ('OPE181', '43103683', 'Roi', 'Stanly', 'Whitney', 'Clemmen', 'TAL10');
  insert into operario (id_operario, dni, prim_nom_op, seg_nom_op, prim_ape_op, seg_ape_op, id_taller) values ('OPE182', '37756645', 'Mildrid', 'Reinwald', 'Hargess', 'Kobierzycki', 'TAL4');
  insert into operario (id_operario, dni, prim_nom_op, seg_nom_op, prim_ape_op, seg_ape_op, id_taller) values ('OPE183', '31279891', 'Beverlee', 'Cory', 'Ducaen', 'Lebourn', 'TAL20');
  insert into operario (id_operario, dni, prim_nom_op, seg_nom_op, prim_ape_op, seg_ape_op, id_taller) values ('OPE184', '48356361', 'Benetta', 'Hester', 'Napier', 'Cesaric', 'TAL27');
  insert into operario (id_operario, dni, prim_nom_op, seg_nom_op, prim_ape_op, seg_ape_op, id_taller) values ('OPE185', '09629821', 'Alfredo', 'Stephana', 'Silverson', 'Holworth', 'TAL30');
  insert into operario (id_operario, dni, prim_nom_op, seg_nom_op, prim_ape_op, seg_ape_op, id_taller) values ('OPE186', '19737430', 'Jacquenette', 'Caralie', 'Jacquemard', 'Enefer', 'TAL11');
  insert into operario (id_operario, dni, prim_nom_op, seg_nom_op, prim_ape_op, seg_ape_op, id_taller) values ('OPE187', '34946295', 'Freedman', 'Etta', 'Najera', 'Blucher', 'TAL18');
  insert into operario (id_operario, dni, prim_nom_op, seg_nom_op, prim_ape_op, seg_ape_op, id_taller) values ('OPE188', '40167843', 'Umeko', 'Ginger', 'Dunstan', 'O''Suaird', 'TAL4');
  insert into operario (id_operario, dni, prim_nom_op, seg_nom_op, prim_ape_op, seg_ape_op, id_taller) values ('OPE189', '44416708', 'Sidney', 'Adriane', 'Shellcross', 'Krystek', 'TAL12');
  insert into operario (id_operario, dni, prim_nom_op, seg_nom_op, prim_ape_op, seg_ape_op, id_taller) values ('OPE190', '09591219', 'Tann', 'Jemie', 'Benito', 'Farrah', 'TAL29');
  insert into operario (id_operario, dni, prim_nom_op, seg_nom_op, prim_ape_op, seg_ape_op, id_taller) values ('OPE191', '99986143', 'Iolande', 'Milzie', 'Harcase', 'Plumridege', 'TAL4');
  insert into operario (id_operario, dni, prim_nom_op, seg_nom_op, prim_ape_op, seg_ape_op, id_taller) values ('OPE192', '28021155', 'Eddy', 'Claribel', 'Van', 'Noirel', 'TAL17');
  insert into operario (id_operario, dni, prim_nom_op, seg_nom_op, prim_ape_op, seg_ape_op, id_taller) values ('OPE193', '69644548', 'Dacey', 'Rakel', 'Troake', 'Gillam', 'TAL18');
  insert into operario (id_operario, dni, prim_nom_op, seg_nom_op, prim_ape_op, seg_ape_op, id_taller) values ('OPE194', '13887480', 'Cookie', 'Sunshine', 'Cancelier', 'Derington', 'TAL8');
  insert into operario (id_operario, dni, prim_nom_op, seg_nom_op, prim_ape_op, seg_ape_op, id_taller) values ('OPE195', '41453778', 'Vernice', 'Olly', 'Staynes', 'Pothergill', 'TAL9');
  insert into operario (id_operario, dni, prim_nom_op, seg_nom_op, prim_ape_op, seg_ape_op, id_taller) values ('OPE196', '42767079', 'Rozanna', 'Saunders', 'McBrearty', 'MacGiolla', 'TAL10');
  insert into operario (id_operario, dni, prim_nom_op, seg_nom_op, prim_ape_op, seg_ape_op, id_taller) values ('OPE197', '62240843', 'Nessa', 'Loretta', 'Bolmann', 'Pennoni', 'TAL15');
  insert into operario (id_operario, dni, prim_nom_op, seg_nom_op, prim_ape_op, seg_ape_op, id_taller) values ('OPE198', '58182076', 'Upton', 'Dukie', 'Hannibal', 'Cashell', 'TAL19');
  insert into operario (id_operario, dni, prim_nom_op, seg_nom_op, prim_ape_op, seg_ape_op, id_taller) values ('OPE199', '83129306', 'Jammie', 'Margareta', 'Hovert', 'Hoston', 'TAL23');
  insert into operario (id_operario, dni, prim_nom_op, seg_nom_op, prim_ape_op, seg_ape_op, id_taller) values ('OPE200', '55849742', 'Cathie', 'Clint', 'Lutwyche', 'Burnage', 'TAL13');
insert into estado_soli_herra(id_est_soli_herra,nom_est_soli_herra ) values ('EHE1','Pendiente');
insert into estado_soli_herra(id_est_soli_herra,nom_est_soli_herra ) values ('EHE2','Aprobado');
insert into estado_soli_herra(id_est_soli_herra,nom_est_soli_herra ) values ('EHE3','Pendiente');
insert into solicitud_herramienta (fecha_solicitud, id_est_soli_herra, id_operario, id_gestor, id_herramienta) values ('06-03-2024', 'EHE2', 'OPE76 ', 'GES103', 'HERR30');
insert into solicitud_herramienta (fecha_solicitud, id_est_soli_herra, id_operario, id_gestor, id_herramienta) values ('28-01-2024', 'EHE3', 'OPE87 ', 'GES44 ', 'HERR22');
insert into solicitud_herramienta (fecha_solicitud, id_est_soli_herra, id_operario, id_gestor, id_herramienta) values ('18-02-2024', 'EHE1', 'OPE55 ', 'GES9  ', 'HERR23');
insert into solicitud_herramienta (fecha_solicitud, id_est_soli_herra, id_operario, id_gestor, id_herramienta) values ('27-03-2024', 'EHE3', 'OPE8  ', 'GES25 ', 'HERR09');
insert into solicitud_herramienta (fecha_solicitud, id_est_soli_herra, id_operario, id_gestor, id_herramienta) values ('22-07-2023', 'EHE1', 'OPE40 ', null, 'HERR12');
insert into solicitud_herramienta (fecha_solicitud, id_est_soli_herra, id_operario, id_gestor, id_herramienta) values ('28-08-2023', 'EHE2', 'OPE75 ', null, 'HERR28');
insert into solicitud_herramienta (fecha_solicitud, id_est_soli_herra, id_operario, id_gestor, id_herramienta) values ('06-06-2023', 'EHE3', 'OPE34 ', null, 'HERR14');
insert into solicitud_herramienta (fecha_solicitud, id_est_soli_herra, id_operario, id_gestor, id_herramienta) values ('18-05-2024', 'EHE3', 'OPE16 ', 'GES36 ', 'HERR09');
insert into solicitud_herramienta (fecha_solicitud, id_est_soli_herra, id_operario, id_gestor, id_herramienta) values ('14-10-2023', 'EHE2', 'OPE75 ', null, 'HERR26');
insert into solicitud_herramienta (fecha_solicitud, id_est_soli_herra, id_operario, id_gestor, id_herramienta) values ('08-05-2024', 'EHE3', 'OPE66 ', 'GES121', 'HERR19');
insert into solicitud_herramienta (fecha_solicitud, id_est_soli_herra, id_operario, id_gestor, id_herramienta) values ('31-10-2023', 'EHE2', 'OPE75 ', null, 'HERR24');
insert into solicitud_herramienta (fecha_solicitud, id_est_soli_herra, id_operario, id_gestor, id_herramienta) values ('05-10-2023', 'EHE1', 'OPE47 ', 'GES144', 'HERR04');
insert into solicitud_herramienta (fecha_solicitud, id_est_soli_herra, id_operario, id_gestor, id_herramienta) values ('19-11-2023', 'EHE2', 'OPE94 ', null, 'HERR27');
insert into solicitud_herramienta (fecha_solicitud, id_est_soli_herra, id_operario, id_gestor, id_herramienta) values ('25-02-2024', 'EHE1', 'OPE21 ', 'GES18 ', 'HERR20');
insert into solicitud_herramienta (fecha_solicitud, id_est_soli_herra, id_operario, id_gestor, id_herramienta) values ('27-09-2023', 'EHE2', 'OPE56 ', null, 'HERR30');
insert into solicitud_herramienta (fecha_solicitud, id_est_soli_herra, id_operario, id_gestor, id_herramienta) values ('27-07-2023', 'EHE2', 'OPE14 ', 'GES170', 'HERR14');
insert into solicitud_herramienta (fecha_solicitud, id_est_soli_herra, id_operario, id_gestor, id_herramienta) values ('02-03-2024', 'EHE1', 'OPE96 ', 'GES87 ', 'HERR15');
insert into solicitud_herramienta (fecha_solicitud, id_est_soli_herra, id_operario, id_gestor, id_herramienta) values ('11-08-2023', 'EHE1', 'OPE82 ', null, 'HERR19');
insert into solicitud_herramienta (fecha_solicitud, id_est_soli_herra, id_operario, id_gestor, id_herramienta) values ('30-12-2023', 'EHE1', 'OPE32 ', 'GES146', 'HERR25');
insert into solicitud_herramienta (fecha_solicitud, id_est_soli_herra, id_operario, id_gestor, id_herramienta) values ('06-09-2023', 'EHE3', 'OPE99 ', 'GES69 ', 'HERR28');
insert into solicitud_herramienta (fecha_solicitud, id_est_soli_herra, id_operario, id_gestor, id_herramienta) values ('23-07-2023', 'EHE1', 'OPE15 ', 'GES59 ', 'HERR12');
insert into solicitud_herramienta (fecha_solicitud, id_est_soli_herra, id_operario, id_gestor, id_herramienta) values ('08-12-2023', 'EHE3', 'OPE29 ', 'GES31 ', 'HERR23');
insert into solicitud_herramienta (fecha_solicitud, id_est_soli_herra, id_operario, id_gestor, id_herramienta) values ('13-05-2024', 'EHE3', 'OPE64 ', 'GES181', 'HERR02');
insert into solicitud_herramienta (fecha_solicitud, id_est_soli_herra, id_operario, id_gestor, id_herramienta) values ('23-06-2023', 'EHE1', 'OPE92 ', 'GES188', 'HERR29');
insert into solicitud_herramienta (fecha_solicitud, id_est_soli_herra, id_operario, id_gestor, id_herramienta) values ('10-02-2024', 'EHE1', 'OPE24 ', 'GES39 ', 'HERR28');
insert into solicitud_herramienta (fecha_solicitud, id_est_soli_herra, id_operario, id_gestor, id_herramienta) values ('30-10-2023', 'EHE1', 'OPE16 ', 'GES149', 'HERR15');
insert into solicitud_herramienta (fecha_solicitud, id_est_soli_herra, id_operario, id_gestor, id_herramienta) values ('22-04-2024', 'EHE2', 'OPE14 ', 'GES64 ', 'HERR21');
insert into solicitud_herramienta (fecha_solicitud, id_est_soli_herra, id_operario, id_gestor, id_herramienta) values ('29-08-2023', 'EHE1', 'OPE88 ', null, 'HERR03');
insert into solicitud_herramienta (fecha_solicitud, id_est_soli_herra, id_operario, id_gestor, id_herramienta) values ('02-10-2023', 'EHE3', 'OPE10 ', 'GES23 ', 'HERR04');
insert into solicitud_herramienta (fecha_solicitud, id_est_soli_herra, id_operario, id_gestor, id_herramienta) values ('15-12-2023', 'EHE2', 'OPE87 ', 'GES152', 'HERR14');
insert into solicitud_herramienta (fecha_solicitud, id_est_soli_herra, id_operario, id_gestor, id_herramienta) values ('19-06-2023', 'EHE1', 'OPE91 ', 'GES115', 'HERR30');
insert into solicitud_herramienta (fecha_solicitud, id_est_soli_herra, id_operario, id_gestor, id_herramienta) values ('04-11-2023', 'EHE1', 'OPE34 ', null, 'HERR01');
insert into solicitud_herramienta (fecha_solicitud, id_est_soli_herra, id_operario, id_gestor, id_herramienta) values ('28-01-2024', 'EHE3', 'OPE16 ', 'GES111', 'HERR14');
insert into solicitud_herramienta (fecha_solicitud, id_est_soli_herra, id_operario, id_gestor, id_herramienta) values ('12-09-2023', 'EHE1', 'OPE99 ', 'GES78 ', 'HERR14');
insert into solicitud_herramienta (fecha_solicitud, id_est_soli_herra, id_operario, id_gestor, id_herramienta) values ('17-04-2024', 'EHE1', 'OPE3  ', 'GES81 ', 'HERR12');
insert into solicitud_herramienta (fecha_solicitud, id_est_soli_herra, id_operario, id_gestor, id_herramienta) values ('12-06-2023', 'EHE2', 'OPE81 ', null, 'HERR26');
insert into solicitud_herramienta (fecha_solicitud, id_est_soli_herra, id_operario, id_gestor, id_herramienta) values ('07-12-2023', 'EHE3', 'OPE79 ', 'GES50 ', 'HERR20');
insert into solicitud_herramienta (fecha_solicitud, id_est_soli_herra, id_operario, id_gestor, id_herramienta) values ('14-01-2024', 'EHE1', 'OPE33 ', 'GES171', 'HERR11');
insert into solicitud_herramienta (fecha_solicitud, id_est_soli_herra, id_operario, id_gestor, id_herramienta) values ('04-05-2024', 'EHE1', 'OPE61 ', 'GES166', 'HERR13');
insert into solicitud_herramienta (fecha_solicitud, id_est_soli_herra, id_operario, id_gestor, id_herramienta) values ('23-02-2024', 'EHE1', 'OPE13 ', 'GES71 ', 'HERR13');
insert into solicitud_herramienta (fecha_solicitud, id_est_soli_herra, id_operario, id_gestor, id_herramienta) values ('02-01-2024', 'EHE2', 'OPE86 ', null, 'HERR19');
insert into solicitud_herramienta (fecha_solicitud, id_est_soli_herra, id_operario, id_gestor, id_herramienta) values ('16-03-2024', 'EHE2', 'OPE80 ', 'GES31 ', 'HERR30');
insert into solicitud_herramienta (fecha_solicitud, id_est_soli_herra, id_operario, id_gestor, id_herramienta) values ('13-05-2024', 'EHE1', 'OPE40 ', 'GES60 ', 'HERR24');
insert into solicitud_herramienta (fecha_solicitud, id_est_soli_herra, id_operario, id_gestor, id_herramienta) values ('20-09-2023', 'EHE2', 'OPE20 ', 'GES132', 'HERR13');
insert into solicitud_herramienta (fecha_solicitud, id_est_soli_herra, id_operario, id_gestor, id_herramienta) values ('20-12-2023', 'EHE2', 'OPE22 ', null, 'HERR24');
insert into solicitud_herramienta (fecha_solicitud, id_est_soli_herra, id_operario, id_gestor, id_herramienta) values ('26-04-2024', 'EHE3', 'OPE25 ', null, 'HERR12');
insert into solicitud_herramienta (fecha_solicitud, id_est_soli_herra, id_operario, id_gestor, id_herramienta) values ('26-08-2023', 'EHE2', 'OPE73 ', 'GES115', 'HERR15');
insert into solicitud_herramienta (fecha_solicitud, id_est_soli_herra, id_operario, id_gestor, id_herramienta) values ('30-07-2023', 'EHE2', 'OPE2  ', 'GES153', 'HERR13');
insert into solicitud_herramienta (fecha_solicitud, id_est_soli_herra, id_operario, id_gestor, id_herramienta) values ('30-10-2023', 'EHE1', 'OPE79 ', null, 'HERR26');
insert into solicitud_herramienta (fecha_solicitud, id_est_soli_herra, id_operario, id_gestor, id_herramienta) values ('04-04-2024', 'EHE2', 'OPE78 ', null, 'HERR25');
insert into solicitud_herramienta (fecha_solicitud, id_est_soli_herra, id_operario, id_gestor, id_herramienta) values ('29-02-2024', 'EHE3', 'OPE41 ', 'GES168', 'HERR14');
insert into solicitud_herramienta (fecha_solicitud, id_est_soli_herra, id_operario, id_gestor, id_herramienta) values ('22-04-2024', 'EHE1', 'OPE58 ', null, 'HERR06');
insert into solicitud_herramienta (fecha_solicitud, id_est_soli_herra, id_operario, id_gestor, id_herramienta) values ('31-07-2023', 'EHE3', 'OPE82 ', 'GES69 ', 'HERR11');
insert into solicitud_herramienta (fecha_solicitud, id_est_soli_herra, id_operario, id_gestor, id_herramienta) values ('17-10-2023', 'EHE2', 'OPE17 ', 'GES186', 'HERR08');
insert into solicitud_herramienta (fecha_solicitud, id_est_soli_herra, id_operario, id_gestor, id_herramienta) values ('26-04-2024', 'EHE1', 'OPE32 ', null, 'HERR28');
insert into solicitud_herramienta (fecha_solicitud, id_est_soli_herra, id_operario, id_gestor, id_herramienta) values ('02-05-2024', 'EHE3', 'OPE19 ', 'GES162', 'HERR23');
insert into solicitud_herramienta (fecha_solicitud, id_est_soli_herra, id_operario, id_gestor, id_herramienta) values ('21-06-2023', 'EHE3', 'OPE51 ', 'GES159', 'HERR28');
insert into solicitud_herramienta (fecha_solicitud, id_est_soli_herra, id_operario, id_gestor, id_herramienta) values ('24-06-2023', 'EHE2', 'OPE62 ', null, 'HERR25');
insert into solicitud_herramienta (fecha_solicitud, id_est_soli_herra, id_operario, id_gestor, id_herramienta) values ('17-12-2023', 'EHE1', 'OPE32 ', 'GES166', 'HERR05');
insert into solicitud_herramienta (fecha_solicitud, id_est_soli_herra, id_operario, id_gestor, id_herramienta) values ('30-12-2023', 'EHE1', 'OPE37 ', null, 'HERR06');
insert into solicitud_herramienta (fecha_solicitud, id_est_soli_herra, id_operario, id_gestor, id_herramienta) values ('26-02-2024', 'EHE3', 'OPE54 ', 'GES121', 'HERR26');
insert into solicitud_herramienta (fecha_solicitud, id_est_soli_herra, id_operario, id_gestor, id_herramienta) values ('26-05-2024', 'EHE2', 'OPE66 ', 'GES183', 'HERR11');
insert into solicitud_herramienta (fecha_solicitud, id_est_soli_herra, id_operario, id_gestor, id_herramienta) values ('13-11-2023', 'EHE1', 'OPE67 ', 'GES111', 'HERR24');
insert into solicitud_herramienta (fecha_solicitud, id_est_soli_herra, id_operario, id_gestor, id_herramienta) values ('30-07-2023', 'EHE3', 'OPE16 ', 'GES5  ', 'HERR07');
insert into solicitud_herramienta (fecha_solicitud, id_est_soli_herra, id_operario, id_gestor, id_herramienta) values ('10-06-2023', 'EHE2', 'OPE76 ', 'GES37 ', 'HERR14');
insert into solicitud_herramienta (fecha_solicitud, id_est_soli_herra, id_operario, id_gestor, id_herramienta) values ('29-03-2024', 'EHE2', 'OPE49 ', 'GES109', 'HERR04');
insert into solicitud_herramienta (fecha_solicitud, id_est_soli_herra, id_operario, id_gestor, id_herramienta) values ('10-06-2023', 'EHE2', 'OPE69 ', 'GES140', 'HERR10');
insert into solicitud_herramienta (fecha_solicitud, id_est_soli_herra, id_operario, id_gestor, id_herramienta) values ('27-03-2024', 'EHE1', 'OPE46 ', 'GES124', 'HERR12');
insert into solicitud_herramienta (fecha_solicitud, id_est_soli_herra, id_operario, id_gestor, id_herramienta) values ('29-07-2023', 'EHE1', 'OPE81 ', 'GES58 ', 'HERR14');
insert into solicitud_herramienta (fecha_solicitud, id_est_soli_herra, id_operario, id_gestor, id_herramienta) values ('03-04-2024', 'EHE1', 'OPE48 ', null, 'HERR25');
insert into solicitud_herramienta (fecha_solicitud, id_est_soli_herra, id_operario, id_gestor, id_herramienta) values ('11-10-2023', 'EHE3', 'OPE46 ', 'GES137', 'HERR28');
insert into solicitud_herramienta (fecha_solicitud, id_est_soli_herra, id_operario, id_gestor, id_herramienta) values ('02-08-2023', 'EHE1', 'OPE44 ', 'GES162', 'HERR28');
insert into solicitud_herramienta (fecha_solicitud, id_est_soli_herra, id_operario, id_gestor, id_herramienta) values ('30-12-2023', 'EHE2', 'OPE15 ', 'GES35 ', 'HERR20');
insert into solicitud_herramienta (fecha_solicitud, id_est_soli_herra, id_operario, id_gestor, id_herramienta) values ('26-02-2024', 'EHE2', 'OPE78 ', 'GES121', 'HERR05');
insert into solicitud_herramienta (fecha_solicitud, id_est_soli_herra, id_operario, id_gestor, id_herramienta) values ('24-04-2024', 'EHE2', 'OPE39 ', 'GES53 ', 'HERR19');
insert into solicitud_herramienta (fecha_solicitud, id_est_soli_herra, id_operario, id_gestor, id_herramienta) values ('22-07-2023', 'EHE3', 'OPE68 ', 'GES133', 'HERR30');
insert into solicitud_herramienta (fecha_solicitud, id_est_soli_herra, id_operario, id_gestor, id_herramienta) values ('01-08-2023', 'EHE1', 'OPE93 ', 'GES117', 'HERR09');
insert into solicitud_herramienta (fecha_solicitud, id_est_soli_herra, id_operario, id_gestor, id_herramienta) values ('15-08-2023', 'EHE2', 'OPE8  ', 'GES169', 'HERR14');
insert into solicitud_herramienta (fecha_solicitud, id_est_soli_herra, id_operario, id_gestor, id_herramienta) values ('28-01-2024', 'EHE3', 'OPE70 ', 'GES137', 'HERR11');
insert into solicitud_herramienta (fecha_solicitud, id_est_soli_herra, id_operario, id_gestor, id_herramienta) values ('16-06-2023', 'EHE1', 'OPE17 ', 'GES8  ', 'HERR21');
insert into solicitud_herramienta (fecha_solicitud, id_est_soli_herra, id_operario, id_gestor, id_herramienta) values ('22-02-2024', 'EHE3', 'OPE68 ', 'GES54 ', 'HERR06');
insert into solicitud_herramienta (fecha_solicitud, id_est_soli_herra, id_operario, id_gestor, id_herramienta) values ('17-01-2024', 'EHE3', 'OPE88 ', 'GES28 ', 'HERR12');
insert into solicitud_herramienta (fecha_solicitud, id_est_soli_herra, id_operario, id_gestor, id_herramienta) values ('16-10-2023', 'EHE1', 'OPE45 ', 'GES174', 'HERR25');
insert into solicitud_herramienta (fecha_solicitud, id_est_soli_herra, id_operario, id_gestor, id_herramienta) values ('02-08-2023', 'EHE2', 'OPE59 ', 'GES6  ', 'HERR01');
insert into solicitud_herramienta (fecha_solicitud, id_est_soli_herra, id_operario, id_gestor, id_herramienta) values ('14-06-2023', 'EHE1', 'OPE5  ', 'GES55 ', 'HERR13');
insert into solicitud_herramienta (fecha_solicitud, id_est_soli_herra, id_operario, id_gestor, id_herramienta) values ('27-02-2024', 'EHE1', 'OPE90 ', null, 'HERR11');
insert into solicitud_herramienta (fecha_solicitud, id_est_soli_herra, id_operario, id_gestor, id_herramienta) values ('11-08-2023', 'EHE1', 'OPE27 ', 'GES63 ', 'HERR02');
insert into solicitud_herramienta (fecha_solicitud, id_est_soli_herra, id_operario, id_gestor, id_herramienta) values ('20-10-2023', 'EHE1', 'OPE44 ', null, 'HERR19');
insert into solicitud_herramienta (fecha_solicitud, id_est_soli_herra, id_operario, id_gestor, id_herramienta) values ('16-03-2024', 'EHE2', 'OPE63 ', 'GES55 ', 'HERR02');
insert into solicitud_herramienta (fecha_solicitud, id_est_soli_herra, id_operario, id_gestor, id_herramienta) values ('28-03-2024', 'EHE3', 'OPE22 ', 'GES39 ', 'HERR25');
insert into solicitud_herramienta (fecha_solicitud, id_est_soli_herra, id_operario, id_gestor, id_herramienta) values ('31-08-2023', 'EHE3', 'OPE45 ', 'GES188', 'HERR26');
insert into solicitud_herramienta (fecha_solicitud, id_est_soli_herra, id_operario, id_gestor, id_herramienta) values ('29-07-2023', 'EHE2', 'OPE21 ', null, 'HERR14');
insert into solicitud_herramienta (fecha_solicitud, id_est_soli_herra, id_operario, id_gestor, id_herramienta) values ('24-04-2024', 'EHE3', 'OPE52 ', 'GES91 ', 'HERR20');
insert into solicitud_herramienta (fecha_solicitud, id_est_soli_herra, id_operario, id_gestor, id_herramienta) values ('06-03-2024', 'EHE2', 'OPE9  ', 'GES143', 'HERR24');
insert into solicitud_herramienta (fecha_solicitud, id_est_soli_herra, id_operario, id_gestor, id_herramienta) values ('06-01-2024', 'EHE1', 'OPE13 ', null, 'HERR10');
insert into solicitud_herramienta (fecha_solicitud, id_est_soli_herra, id_operario, id_gestor, id_herramienta) values ('23-06-2023', 'EHE3', 'OPE43 ', null, 'HERR28');
insert into solicitud_herramienta (fecha_solicitud, id_est_soli_herra, id_operario, id_gestor, id_herramienta) values ('31-03-2024', 'EHE2', 'OPE5  ', null, 'HERR21');
insert into solicitud_herramienta (fecha_solicitud, id_est_soli_herra, id_operario, id_gestor, id_herramienta) values ('18-02-2024', 'EHE3', 'OPE59 ', null, 'HERR26');
insert into solicitud_herramienta (fecha_solicitud, id_est_soli_herra, id_operario, id_gestor, id_herramienta) values ('29-02-2024', 'EHE2', 'OPE93 ', null, 'HERR08');
insert into solicitud_herramienta (fecha_solicitud, id_est_soli_herra, id_operario, id_gestor, id_herramienta) values ('12-12-2023', 'EHE1', 'OPE30 ', 'GES62 ', 'HERR05');
insert into solicitud_herramienta (fecha_solicitud, id_est_soli_herra, id_operario, id_gestor, id_herramienta) values ('15-07-2023', 'EHE3', 'OPE34 ', null, 'HERR10');
insert into solicitud_herramienta (fecha_solicitud, id_est_soli_herra, id_operario, id_gestor, id_herramienta) values ('21-05-2024', 'EHE2', 'OPE16 ', 'GES36 ', 'HERR18');
insert into solicitud_herramienta (fecha_solicitud, id_est_soli_herra, id_operario, id_gestor, id_herramienta) values ('23-12-2023', 'EHE2', 'OPE76 ', 'GES70 ', 'HERR18');
insert into solicitud_herramienta (fecha_solicitud, id_est_soli_herra, id_operario, id_gestor, id_herramienta) values ('02-05-2024', 'EHE2', 'OPE46 ', 'GES5  ', 'HERR02');
insert into solicitud_herramienta (fecha_solicitud, id_est_soli_herra, id_operario, id_gestor, id_herramienta) values ('16-08-2023', 'EHE1', 'OPE51 ', 'GES138', 'HERR11');
insert into solicitud_herramienta (fecha_solicitud, id_est_soli_herra, id_operario, id_gestor, id_herramienta) values ('27-02-2024', 'EHE1', 'OPE66 ', 'GES188', 'HERR12');
insert into solicitud_herramienta (fecha_solicitud, id_est_soli_herra, id_operario, id_gestor, id_herramienta) values ('24-07-2023', 'EHE3', 'OPE79 ', 'GES108', 'HERR11');
insert into solicitud_herramienta (fecha_solicitud, id_est_soli_herra, id_operario, id_gestor, id_herramienta) values ('17-09-2023', 'EHE3', 'OPE83 ', null, 'HERR18');
insert into solicitud_herramienta (fecha_solicitud, id_est_soli_herra, id_operario, id_gestor, id_herramienta) values ('05-11-2023', 'EHE2', 'OPE30 ', 'GES40 ', 'HERR26');
insert into solicitud_herramienta (fecha_solicitud, id_est_soli_herra, id_operario, id_gestor, id_herramienta) values ('04-04-2024', 'EHE3', 'OPE16 ', 'GES5  ', 'HERR05');
insert into solicitud_herramienta (fecha_solicitud, id_est_soli_herra, id_operario, id_gestor, id_herramienta) values ('17-05-2024', 'EHE2', 'OPE73 ', 'GES166', 'HERR18');
insert into solicitud_herramienta (fecha_solicitud, id_est_soli_herra, id_operario, id_gestor, id_herramienta) values ('09-02-2024', 'EHE3', 'OPE4  ', 'GES4  ', 'HERR07');
insert into solicitud_herramienta (fecha_solicitud, id_est_soli_herra, id_operario, id_gestor, id_herramienta) values ('19-08-2023', 'EHE1', 'OPE70 ', 'GES99 ', 'HERR01');
insert into solicitud_herramienta (fecha_solicitud, id_est_soli_herra, id_operario, id_gestor, id_herramienta) values ('30-05-2024', 'EHE1', 'OPE61 ', 'GES199', 'HERR05');
insert into solicitud_herramienta (fecha_solicitud, id_est_soli_herra, id_operario, id_gestor, id_herramienta) values ('04-08-2023', 'EHE3', 'OPE74 ', 'GES47 ', 'HERR25');
insert into solicitud_herramienta (fecha_solicitud, id_est_soli_herra, id_operario, id_gestor, id_herramienta) values ('29-02-2024', 'EHE2', 'OPE51 ', 'GES77 ', 'HERR05');
insert into solicitud_herramienta (fecha_solicitud, id_est_soli_herra, id_operario, id_gestor, id_herramienta) values ('02-04-2024', 'EHE2', 'OPE26 ', 'GES65 ', 'HERR30');
insert into solicitud_herramienta (fecha_solicitud, id_est_soli_herra, id_operario, id_gestor, id_herramienta) values ('10-04-2024', 'EHE2', 'OPE74 ', 'GES122', 'HERR20');
insert into solicitud_herramienta (fecha_solicitud, id_est_soli_herra, id_operario, id_gestor, id_herramienta) values ('06-08-2023', 'EHE1', 'OPE40 ', 'GES119', 'HERR04');
insert into solicitud_herramienta (fecha_solicitud, id_est_soli_herra, id_operario, id_gestor, id_herramienta) values ('05-01-2024', 'EHE1', 'OPE78 ', 'GES178', 'HERR18');
insert into solicitud_herramienta (fecha_solicitud, id_est_soli_herra, id_operario, id_gestor, id_herramienta) values ('13-05-2024', 'EHE2', 'OPE22 ', 'GES163', 'HERR13');
insert into solicitud_herramienta (fecha_solicitud, id_est_soli_herra, id_operario, id_gestor, id_herramienta) values ('28-06-2023', 'EHE2', 'OPE72 ', 'GES193', 'HERR27');
insert into solicitud_herramienta (fecha_solicitud, id_est_soli_herra, id_operario, id_gestor, id_herramienta) values ('30-03-2024', 'EHE2', 'OPE70 ', 'GES55 ', 'HERR10');
insert into solicitud_herramienta (fecha_solicitud, id_est_soli_herra, id_operario, id_gestor, id_herramienta) values ('22-03-2024', 'EHE1', 'OPE92 ', null, 'HERR29');
insert into solicitud_herramienta (fecha_solicitud, id_est_soli_herra, id_operario, id_gestor, id_herramienta) values ('03-04-2024', 'EHE2', 'OPE13 ', 'GES12 ', 'HERR13');
insert into solicitud_herramienta (fecha_solicitud, id_est_soli_herra, id_operario, id_gestor, id_herramienta) values ('26-07-2023', 'EHE1', 'OPE33 ', null, 'HERR01');
insert into solicitud_herramienta (fecha_solicitud, id_est_soli_herra, id_operario, id_gestor, id_herramienta) values ('26-09-2023', 'EHE3', 'OPE84 ', 'GES197', 'HERR25');
insert into solicitud_herramienta (fecha_solicitud, id_est_soli_herra, id_operario, id_gestor, id_herramienta) values ('29-04-2024', 'EHE3', 'OPE72 ', null, 'HERR21');
insert into solicitud_herramienta (fecha_solicitud, id_est_soli_herra, id_operario, id_gestor, id_herramienta) values ('07-05-2024', 'EHE1', 'OPE98 ', 'GES115', 'HERR08');
insert into solicitud_herramienta (fecha_solicitud, id_est_soli_herra, id_operario, id_gestor, id_herramienta) values ('30-07-2023', 'EHE2', 'OPE55 ', null, 'HERR22');
insert into solicitud_herramienta (fecha_solicitud, id_est_soli_herra, id_operario, id_gestor, id_herramienta) values ('12-01-2024', 'EHE3', 'OPE65 ', 'GES10 ', 'HERR26');
insert into solicitud_herramienta (fecha_solicitud, id_est_soli_herra, id_operario, id_gestor, id_herramienta) values ('28-05-2024', 'EHE3', 'OPE60 ', null, 'HERR15');
insert into solicitud_herramienta (fecha_solicitud, id_est_soli_herra, id_operario, id_gestor, id_herramienta) values ('03-10-2023', 'EHE3', 'OPE59 ', null, 'HERR07');
insert into solicitud_herramienta (fecha_solicitud, id_est_soli_herra, id_operario, id_gestor, id_herramienta) values ('09-09-2023', 'EHE2', 'OPE99 ', 'GES29 ', 'HERR13');
insert into solicitud_herramienta (fecha_solicitud, id_est_soli_herra, id_operario, id_gestor, id_herramienta) values ('19-02-2024', 'EHE1', 'OPE64 ', null, 'HERR02');
insert into solicitud_herramienta (fecha_solicitud, id_est_soli_herra, id_operario, id_gestor, id_herramienta) values ('31-05-2024', 'EHE3', 'OPE17 ', 'GES46 ', 'HERR10');
insert into solicitud_herramienta (fecha_solicitud, id_est_soli_herra, id_operario, id_gestor, id_herramienta) values ('14-03-2024', 'EHE3', 'OPE73 ', 'GES183', 'HERR20');
insert into solicitud_herramienta (fecha_solicitud, id_est_soli_herra, id_operario, id_gestor, id_herramienta) values ('09-02-2024', 'EHE3', 'OPE98 ', 'GES90 ', 'HERR05');
insert into solicitud_herramienta (fecha_solicitud, id_est_soli_herra, id_operario, id_gestor, id_herramienta) values ('03-04-2024', 'EHE3', 'OPE23 ', 'GES33 ', 'HERR21');
insert into solicitud_herramienta (fecha_solicitud, id_est_soli_herra, id_operario, id_gestor, id_herramienta) values ('30-11-2023', 'EHE2', 'OPE85 ', null, 'HERR29');
insert into solicitud_herramienta (fecha_solicitud, id_est_soli_herra, id_operario, id_gestor, id_herramienta) values ('08-04-2024', 'EHE2', 'OPE57 ', 'GES151', 'HERR18');
insert into solicitud_herramienta (fecha_solicitud, id_est_soli_herra, id_operario, id_gestor, id_herramienta) values ('30-08-2023', 'EHE2', 'OPE35 ', 'GES54 ', 'HERR19');
insert into solicitud_herramienta (fecha_solicitud, id_est_soli_herra, id_operario, id_gestor, id_herramienta) values ('29-09-2023', 'EHE3', 'OPE96 ', 'GES192', 'HERR18');
insert into solicitud_herramienta (fecha_solicitud, id_est_soli_herra, id_operario, id_gestor, id_herramienta) values ('07-10-2023', 'EHE3', 'OPE53 ', 'GES26 ', 'HERR03');
insert into solicitud_herramienta (fecha_solicitud, id_est_soli_herra, id_operario, id_gestor, id_herramienta) values ('22-09-2023', 'EHE3', 'OPE50 ', null, 'HERR22');
insert into solicitud_herramienta (fecha_solicitud, id_est_soli_herra, id_operario, id_gestor, id_herramienta) values ('04-12-2023', 'EHE1', 'OPE42 ', null, 'HERR12');
insert into solicitud_herramienta (fecha_solicitud, id_est_soli_herra, id_operario, id_gestor, id_herramienta) values ('10-11-2023', 'EHE3', 'OPE58 ', 'GES158', 'HERR13');
insert into solicitud_herramienta (fecha_solicitud, id_est_soli_herra, id_operario, id_gestor, id_herramienta) values ('28-08-2023', 'EHE2', 'OPE31 ', 'GES95 ', 'HERR02');
insert into solicitud_herramienta (fecha_solicitud, id_est_soli_herra, id_operario, id_gestor, id_herramienta) values ('15-03-2024', 'EHE1', 'OPE69 ', 'GES112', 'HERR18');
insert into solicitud_herramienta (fecha_solicitud, id_est_soli_herra, id_operario, id_gestor, id_herramienta) values ('29-06-2023', 'EHE3', 'OPE56 ', 'GES198', 'HERR19');
insert into solicitud_herramienta (fecha_solicitud, id_est_soli_herra, id_operario, id_gestor, id_herramienta) values ('24-12-2023', 'EHE1', 'OPE88 ', 'GES111', 'HERR07');
insert into solicitud_herramienta (fecha_solicitud, id_est_soli_herra, id_operario, id_gestor, id_herramienta) values ('28-04-2024', 'EHE2', 'OPE11 ', null, 'HERR29');
insert into solicitud_herramienta (fecha_solicitud, id_est_soli_herra, id_operario, id_gestor, id_herramienta) values ('11-06-2023', 'EHE1', 'OPE24 ', 'GES84 ', 'HERR02');
insert into solicitud_herramienta (fecha_solicitud, id_est_soli_herra, id_operario, id_gestor, id_herramienta) values ('20-06-2023', 'EHE2', 'OPE58 ', 'GES91 ', 'HERR13');
insert into solicitud_herramienta (fecha_solicitud, id_est_soli_herra, id_operario, id_gestor, id_herramienta) values ('15-11-2023', 'EHE3', 'OPE40 ', 'GES82 ', 'HERR07');
insert into solicitud_herramienta (fecha_solicitud, id_est_soli_herra, id_operario, id_gestor, id_herramienta) values ('22-12-2023', 'EHE2', 'OPE53 ', 'GES45 ', 'HERR10');
insert into solicitud_herramienta (fecha_solicitud, id_est_soli_herra, id_operario, id_gestor, id_herramienta) values ('15-12-2023', 'EHE2', 'OPE87 ', 'GES117', 'HERR19');
insert into solicitud_herramienta (fecha_solicitud, id_est_soli_herra, id_operario, id_gestor, id_herramienta) values ('22-04-2024', 'EHE2', 'OPE57 ', 'GES125', 'HERR12');
insert into solicitud_herramienta (fecha_solicitud, id_est_soli_herra, id_operario, id_gestor, id_herramienta) values ('11-04-2024', 'EHE2', 'OPE51 ', 'GES93 ', 'HERR23');
insert into solicitud_herramienta (fecha_solicitud, id_est_soli_herra, id_operario, id_gestor, id_herramienta) values ('21-04-2024', 'EHE3', 'OPE31 ', 'GES180', 'HERR06');
insert into solicitud_herramienta (fecha_solicitud, id_est_soli_herra, id_operario, id_gestor, id_herramienta) values ('15-08-2023', 'EHE2', 'OPE12 ', 'GES101', 'HERR30');
insert into solicitud_herramienta (fecha_solicitud, id_est_soli_herra, id_operario, id_gestor, id_herramienta) values ('02-04-2024', 'EHE2', 'OPE90 ', 'GES138', 'HERR20');
insert into solicitud_herramienta (fecha_solicitud, id_est_soli_herra, id_operario, id_gestor, id_herramienta) values ('05-04-2024', 'EHE1', 'OPE42 ', 'GES138', 'HERR10');
insert into solicitud_herramienta (fecha_solicitud, id_est_soli_herra, id_operario, id_gestor, id_herramienta) values ('27-12-2023', 'EHE1', 'OPE30 ', 'GES163', 'HERR12');
insert into solicitud_herramienta (fecha_solicitud, id_est_soli_herra, id_operario, id_gestor, id_herramienta) values ('07-08-2023', 'EHE2', 'OPE54 ', 'GES173', 'HERR10');
insert into solicitud_herramienta (fecha_solicitud, id_est_soli_herra, id_operario, id_gestor, id_herramienta) values ('31-05-2024', 'EHE1', 'OPE28 ', 'GES105', 'HERR26');
insert into solicitud_herramienta (fecha_solicitud, id_est_soli_herra, id_operario, id_gestor, id_herramienta) values ('05-02-2024', 'EHE2', 'OPE67 ', null, 'HERR10');
insert into solicitud_herramienta (fecha_solicitud, id_est_soli_herra, id_operario, id_gestor, id_herramienta) values ('16-10-2023', 'EHE1', 'OPE25 ', 'GES182', 'HERR06');
insert into solicitud_herramienta (fecha_solicitud, id_est_soli_herra, id_operario, id_gestor, id_herramienta) values ('10-11-2023', 'EHE1', 'OPE50 ', 'GES181', 'HERR28');
insert into solicitud_herramienta (fecha_solicitud, id_est_soli_herra, id_operario, id_gestor, id_herramienta) values ('25-03-2024', 'EHE3', 'OPE70 ', null, 'HERR24');
insert into solicitud_herramienta (fecha_solicitud, id_est_soli_herra, id_operario, id_gestor, id_herramienta) values ('15-07-2023', 'EHE3', 'OPE61 ', 'GES177', 'HERR30');
insert into solicitud_herramienta (fecha_solicitud, id_est_soli_herra, id_operario, id_gestor, id_herramienta) values ('13-04-2024', 'EHE2', 'OPE47 ', 'GES72 ', 'HERR20');
insert into solicitud_herramienta (fecha_solicitud, id_est_soli_herra, id_operario, id_gestor, id_herramienta) values ('11-01-2024', 'EHE3', 'OPE21 ', 'GES175', 'HERR25');
insert into solicitud_herramienta (fecha_solicitud, id_est_soli_herra, id_operario, id_gestor, id_herramienta) values ('24-09-2023', 'EHE1', 'OPE53 ', null, 'HERR16');
insert into solicitud_herramienta (fecha_solicitud, id_est_soli_herra, id_operario, id_gestor, id_herramienta) values ('17-02-2024', 'EHE2', 'OPE8  ', 'GES22 ', 'HERR09');
insert into solicitud_herramienta (fecha_solicitud, id_est_soli_herra, id_operario, id_gestor, id_herramienta) values ('06-07-2023', 'EHE2', 'OPE88 ', 'GES111', 'HERR20');
insert into solicitud_herramienta (fecha_solicitud, id_est_soli_herra, id_operario, id_gestor, id_herramienta) values ('30-12-2023', 'EHE3', 'OPE59 ', 'GES72 ', 'HERR19');
insert into solicitud_herramienta (fecha_solicitud, id_est_soli_herra, id_operario, id_gestor, id_herramienta) values ('04-01-2024', 'EHE1', 'OPE34 ', 'GES146', 'HERR08');
insert into solicitud_herramienta (fecha_solicitud, id_est_soli_herra, id_operario, id_gestor, id_herramienta) values ('22-11-2023', 'EHE3', 'OPE54 ', null, 'HERR29');
insert into solicitud_herramienta (fecha_solicitud, id_est_soli_herra, id_operario, id_gestor, id_herramienta) values ('14-03-2024', 'EHE2', 'OPE34 ', 'GES27 ', 'HERR28');
insert into solicitud_herramienta (fecha_solicitud, id_est_soli_herra, id_operario, id_gestor, id_herramienta) values ('13-05-2024', 'EHE1', 'OPE65 ', 'GES157', 'HERR10');
insert into solicitud_herramienta (fecha_solicitud, id_est_soli_herra, id_operario, id_gestor, id_herramienta) values ('27-12-2023', 'EHE2', 'OPE13 ', null, 'HERR03');
insert into solicitud_herramienta (fecha_solicitud, id_est_soli_herra, id_operario, id_gestor, id_herramienta) values ('06-05-2024', 'EHE1', 'OPE56 ', 'GES30 ', 'HERR01');
insert into solicitud_herramienta (fecha_solicitud, id_est_soli_herra, id_operario, id_gestor, id_herramienta) values ('07-05-2024', 'EHE3', 'OPE9  ', 'GES84 ', 'HERR21');
insert into solicitud_herramienta (fecha_solicitud, id_est_soli_herra, id_operario, id_gestor, id_herramienta) values ('13-06-2023', 'EHE1', 'OPE28 ', null, 'HERR01');
insert into solicitud_herramienta (fecha_solicitud, id_est_soli_herra, id_operario, id_gestor, id_herramienta) values ('29-03-2024', 'EHE1', 'OPE41 ', null, 'HERR16');
insert into solicitud_herramienta (fecha_solicitud, id_est_soli_herra, id_operario, id_gestor, id_herramienta) values ('22-02-2024', 'EHE3', 'OPE25 ', null, 'HERR04');
insert into solicitud_herramienta (fecha_solicitud, id_est_soli_herra, id_operario, id_gestor, id_herramienta) values ('18-06-2023', 'EHE2', 'OPE9  ', 'GES129', 'HERR12');
insert into solicitud_herramienta (fecha_solicitud, id_est_soli_herra, id_operario, id_gestor, id_herramienta) values ('22-11-2023', 'EHE3', 'OPE92 ', 'GES194', 'HERR08');
insert into solicitud_herramienta (fecha_solicitud, id_est_soli_herra, id_operario, id_gestor, id_herramienta) values ('17-07-2023', 'EHE2', 'OPE73 ', null, 'HERR15');
insert into solicitud_herramienta (fecha_solicitud, id_est_soli_herra, id_operario, id_gestor, id_herramienta) values ('06-06-2023', 'EHE1', 'OPE30 ', 'GES160', 'HERR07');
insert into solicitud_herramienta (fecha_solicitud, id_est_soli_herra, id_operario, id_gestor, id_herramienta) values ('08-05-2024', 'EHE1', 'OPE70 ', 'GES26 ', 'HERR21');
insert into solicitud_herramienta (fecha_solicitud, id_est_soli_herra, id_operario, id_gestor, id_herramienta) values ('16-01-2024', 'EHE2', 'OPE77 ', null, 'HERR13');
insert into solicitud_herramienta (fecha_solicitud, id_est_soli_herra, id_operario, id_gestor, id_herramienta) values ('05-04-2024', 'EHE2', 'OPE91 ', 'GES4  ', 'HERR25');
insert into solicitud_herramienta (fecha_solicitud, id_est_soli_herra, id_operario, id_gestor, id_herramienta) values ('29-04-2024', 'EHE1', 'OPE19 ', 'GES58 ', 'HERR21');
insert into solicitud_herramienta (fecha_solicitud, id_est_soli_herra, id_operario, id_gestor, id_herramienta) values ('14-02-2024', 'EHE1', 'OPE24 ', 'GES37 ', 'HERR13');
insert into solicitud_herramienta (fecha_solicitud, id_est_soli_herra, id_operario, id_gestor, id_herramienta) values ('13-10-2023', 'EHE1', 'OPE56 ', 'GES11 ', 'HERR09');
insert into solicitud_herramienta (fecha_solicitud, id_est_soli_herra, id_operario, id_gestor, id_herramienta) values ('01-08-2023', 'EHE1', 'OPE93 ', 'GES191', 'HERR07');
insert into solicitud_herramienta (fecha_solicitud, id_est_soli_herra, id_operario, id_gestor, id_herramienta) values ('21-09-2023', 'EHE1', 'OPE6  ', null, 'HERR26');
insert into solicitud_herramienta (fecha_solicitud, id_est_soli_herra, id_operario, id_gestor, id_herramienta) values ('10-01-2024', 'EHE1', 'OPE14 ', 'GES28 ', 'HERR11');

INSERT INTO Estado_Reclamo (Id_estado_reclamo, Nom_estado_reclamo) VALUES
('EST001', 'Pendiente'),
('EST002', 'En Proceso'),
('EST003', 'Resuelto'),
('EST004', 'Cerrado');

INSERT INTO Descripcion_reclamo (Id_descrip_reclamo, Nom_descrip_reclamo) VALUES
('DES001', 'Producto Defectuoso'),
('DES002', 'Entrega Tardía'),
('DES003', 'Mala Atención'),
('DES004', 'Otros');

INSERT INTO Tipo_deduccion (Id_tipo_deduccion, Nom_tipo_deduccion) VALUES
('DED001', 'Impuesto'),
('DED002', 'Seguro'),
('DED003', 'Adelanto Salarial'),
('DED004', 'Multa');

INSERT INTO Tipo_Sueldo_Base (Id_sueldo_base, Monto_sueldo_base) VALUES
('SB001', 450.00),
('SB002', 1000.00),
('SB003', 3500.00);

INSERT INTO Tipo_Bonificacion (Id_tipo_boni, Nom_tipo_boni) VALUES
('BON001', 'Productividad'),
('BON002', 'Asistencia Perfecta'),
('BON003', 'Antigüedad'),
('BON004', 'Otros');
INSERT INTO Periodo_pago (Id_periodo_pago, Nom_periodo_pago) VALUES
('PP001', 'Mensual'),
('PP002', 'Quincenal'),
('PP003', 'Semanal');
insert into bonificacion (Id_bonificacion, Monto_bonificacion, Id_tipo_boni) values ('BOD1', 92, 'BON001');
insert into bonificacion (Id_bonificacion, Monto_bonificacion, Id_tipo_boni) values ('BOD2', 308, 'BON002');
insert into bonificacion (Id_bonificacion, Monto_bonificacion, Id_tipo_boni) values ('BOD3', 228, 'BON003');
insert into bonificacion (Id_bonificacion, Monto_bonificacion, Id_tipo_boni) values ('BOD4', 134, 'BON004');
insert into bonificacion (Id_bonificacion, Monto_bonificacion, Id_tipo_boni) values ('BOD5', 63, 'BON001');
insert into bonificacion (Id_bonificacion, Monto_bonificacion, Id_tipo_boni) values ('BOD6', 496, 'BON002');
insert into bonificacion (Id_bonificacion, Monto_bonificacion, Id_tipo_boni) values ('BOD7', 81, 'BON003');
insert into bonificacion (Id_bonificacion, Monto_bonificacion, Id_tipo_boni) values ('BOD8', 153, 'BON004');
insert into bonificacion (Id_bonificacion, Monto_bonificacion, Id_tipo_boni) values ('BOD9', 328, 'BON001');
insert into bonificacion (Id_bonificacion, Monto_bonificacion, Id_tipo_boni) values ('BOD10', 468, 'BON002');
insert into bonificacion (Id_bonificacion, Monto_bonificacion, Id_tipo_boni) values ('BOD11', 362, 'BON003');
insert into bonificacion (Id_bonificacion, Monto_bonificacion, Id_tipo_boni) values ('BOD12', 124, 'BON004');
insert into bonificacion (Id_bonificacion, Monto_bonificacion, Id_tipo_boni) values ('BOD13', 452, 'BON001');
insert into bonificacion (Id_bonificacion, Monto_bonificacion, Id_tipo_boni) values ('BOD14', 210, 'BON002');
insert into bonificacion (Id_bonificacion, Monto_bonificacion, Id_tipo_boni) values ('BOD15', 104, 'BON003');
insert into bonificacion (Id_bonificacion, Monto_bonificacion, Id_tipo_boni) values ('BOD16', 142, 'BON004');
insert into bonificacion (Id_bonificacion, Monto_bonificacion, Id_tipo_boni) values ('BOD17', 304, 'BON001');
insert into bonificacion (Id_bonificacion, Monto_bonificacion, Id_tipo_boni) values ('BOD18', 451, 'BON002');
insert into bonificacion (Id_bonificacion, Monto_bonificacion, Id_tipo_boni) values ('BOD19', 75, 'BON003');
insert into bonificacion (Id_bonificacion, Monto_bonificacion, Id_tipo_boni) values ('BOD20', 487, 'BON004');
insert into bonificacion (Id_bonificacion, Monto_bonificacion, Id_tipo_boni) values ('BOD21', 495, 'BON001');
insert into bonificacion (Id_bonificacion, Monto_bonificacion, Id_tipo_boni) values ('BOD22', 403, 'BON002');
insert into bonificacion (Id_bonificacion, Monto_bonificacion, Id_tipo_boni) values ('BOD23', 232, 'BON003');
insert into bonificacion (Id_bonificacion, Monto_bonificacion, Id_tipo_boni) values ('BOD24', 163, 'BON004');
insert into bonificacion (Id_bonificacion, Monto_bonificacion, Id_tipo_boni) values ('BOD25', 81, 'BON001');
insert into bonificacion (Id_bonificacion, Monto_bonificacion, Id_tipo_boni) values ('BOD26', 257, 'BON002');
insert into bonificacion (Id_bonificacion, Monto_bonificacion, Id_tipo_boni) values ('BOD27', 94, 'BON003');
insert into bonificacion (Id_bonificacion, Monto_bonificacion, Id_tipo_boni) values ('BOD28', 114, 'BON004');
insert into bonificacion (Id_bonificacion, Monto_bonificacion, Id_tipo_boni) values ('BOD29', 144, 'BON001');
insert into bonificacion (Id_bonificacion, Monto_bonificacion, Id_tipo_boni) values ('BOD30', 236, 'BON002');
insert into bonificacion (Id_bonificacion, Monto_bonificacion, Id_tipo_boni) values ('BOD31', 414, 'BON003');
insert into bonificacion (Id_bonificacion, Monto_bonificacion, Id_tipo_boni) values ('BOD32', 54, 'BON004');
insert into bonificacion (Id_bonificacion, Monto_bonificacion, Id_tipo_boni) values ('BOD33', 453, 'BON001');
insert into bonificacion (Id_bonificacion, Monto_bonificacion, Id_tipo_boni) values ('BOD34', 132, 'BON002');
insert into bonificacion (Id_bonificacion, Monto_bonificacion, Id_tipo_boni) values ('BOD35', 278, 'BON003');
insert into bonificacion (Id_bonificacion, Monto_bonificacion, Id_tipo_boni) values ('BOD36', 446, 'BON004');
insert into bonificacion (Id_bonificacion, Monto_bonificacion, Id_tipo_boni) values ('BOD37', 123, 'BON001');
insert into bonificacion (Id_bonificacion, Monto_bonificacion, Id_tipo_boni) values ('BOD38', 184, 'BON002');
insert into bonificacion (Id_bonificacion, Monto_bonificacion, Id_tipo_boni) values ('BOD39', 126, 'BON003');
insert into bonificacion (Id_bonificacion, Monto_bonificacion, Id_tipo_boni) values ('BOD40', 320, 'BON004');
insert into bonificacion (Id_bonificacion, Monto_bonificacion, Id_tipo_boni) values ('BOD41', 55, 'BON001');
insert into bonificacion (Id_bonificacion, Monto_bonificacion, Id_tipo_boni) values ('BOD42', 459, 'BON002');
insert into bonificacion (Id_bonificacion, Monto_bonificacion, Id_tipo_boni) values ('BOD43', 182, 'BON003');
insert into bonificacion (Id_bonificacion, Monto_bonificacion, Id_tipo_boni) values ('BOD44', 50, 'BON004');
insert into bonificacion (Id_bonificacion, Monto_bonificacion, Id_tipo_boni) values ('BOD45', 463, 'BON001');
insert into bonificacion (Id_bonificacion, Monto_bonificacion, Id_tipo_boni) values ('BOD46', 249, 'BON002');
insert into bonificacion (Id_bonificacion, Monto_bonificacion, Id_tipo_boni) values ('BOD47', 402, 'BON003');
insert into bonificacion (Id_bonificacion, Monto_bonificacion, Id_tipo_boni) values ('BOD48', 122, 'BON004');
insert into bonificacion (Id_bonificacion, Monto_bonificacion, Id_tipo_boni) values ('BOD49', 237, 'BON001');
insert into bonificacion (Id_bonificacion, Monto_bonificacion, Id_tipo_boni) values ('BOD50', 73, 'BON002');
insert into bonificacion (Id_bonificacion, Monto_bonificacion, Id_tipo_boni) values ('BOD51', 274, 'BON003');
insert into bonificacion (Id_bonificacion, Monto_bonificacion, Id_tipo_boni) values ('BOD52', 239, 'BON004');
insert into bonificacion (Id_bonificacion, Monto_bonificacion, Id_tipo_boni) values ('BOD53', 62, 'BON001');
insert into bonificacion (Id_bonificacion, Monto_bonificacion, Id_tipo_boni) values ('BOD54', 498, 'BON002');
insert into bonificacion (Id_bonificacion, Monto_bonificacion, Id_tipo_boni) values ('BOD55', 375, 'BON003');
insert into bonificacion (Id_bonificacion, Monto_bonificacion, Id_tipo_boni) values ('BOD56', 437, 'BON004');
insert into bonificacion (Id_bonificacion, Monto_bonificacion, Id_tipo_boni) values ('BOD57', 196, 'BON001');
insert into bonificacion (Id_bonificacion, Monto_bonificacion, Id_tipo_boni) values ('BOD58', 114, 'BON002');
insert into bonificacion (Id_bonificacion, Monto_bonificacion, Id_tipo_boni) values ('BOD59', 72, 'BON003');
insert into bonificacion (Id_bonificacion, Monto_bonificacion, Id_tipo_boni) values ('BOD60', 216, 'BON004');
insert into bonificacion (Id_bonificacion, Monto_bonificacion, Id_tipo_boni) values ('BOD61', 373, 'BON001');
insert into bonificacion (Id_bonificacion, Monto_bonificacion, Id_tipo_boni) values ('BOD62', 107, 'BON002');
insert into bonificacion (Id_bonificacion, Monto_bonificacion, Id_tipo_boni) values ('BOD63', 442, 'BON003');
insert into bonificacion (Id_bonificacion, Monto_bonificacion, Id_tipo_boni) values ('BOD64', 346, 'BON004');
insert into bonificacion (Id_bonificacion, Monto_bonificacion, Id_tipo_boni) values ('BOD65', 388, 'BON001');
insert into bonificacion (Id_bonificacion, Monto_bonificacion, Id_tipo_boni) values ('BOD66', 345, 'BON002');
insert into bonificacion (Id_bonificacion, Monto_bonificacion, Id_tipo_boni) values ('BOD67', 132, 'BON003');
insert into bonificacion (Id_bonificacion, Monto_bonificacion, Id_tipo_boni) values ('BOD68', 493, 'BON004');
insert into bonificacion (Id_bonificacion, Monto_bonificacion, Id_tipo_boni) values ('BOD69', 441, 'BON001');
insert into bonificacion (Id_bonificacion, Monto_bonificacion, Id_tipo_boni) values ('BOD70', 129, 'BON002');
insert into bonificacion (Id_bonificacion, Monto_bonificacion, Id_tipo_boni) values ('BOD71', 392, 'BON003');
insert into bonificacion (Id_bonificacion, Monto_bonificacion, Id_tipo_boni) values ('BOD72', 63, 'BON004');
insert into bonificacion (Id_bonificacion, Monto_bonificacion, Id_tipo_boni) values ('BOD73', 266, 'BON001');
insert into bonificacion (Id_bonificacion, Monto_bonificacion, Id_tipo_boni) values ('BOD74', 377, 'BON002');
insert into bonificacion (Id_bonificacion, Monto_bonificacion, Id_tipo_boni) values ('BOD75', 277, 'BON003');
insert into bonificacion (Id_bonificacion, Monto_bonificacion, Id_tipo_boni) values ('BOD76', 81, 'BON004');
insert into bonificacion (Id_bonificacion, Monto_bonificacion, Id_tipo_boni) values ('BOD77', 63, 'BON001');
insert into bonificacion (Id_bonificacion, Monto_bonificacion, Id_tipo_boni) values ('BOD78', 82, 'BON002');
insert into bonificacion (Id_bonificacion, Monto_bonificacion, Id_tipo_boni) values ('BOD79', 413, 'BON003');
insert into bonificacion (Id_bonificacion, Monto_bonificacion, Id_tipo_boni) values ('BOD80', 80, 'BON004');
insert into bonificacion (Id_bonificacion, Monto_bonificacion, Id_tipo_boni) values ('BOD81', 402, 'BON001');
insert into bonificacion (Id_bonificacion, Monto_bonificacion, Id_tipo_boni) values ('BOD82', 262, 'BON002');
insert into bonificacion (Id_bonificacion, Monto_bonificacion, Id_tipo_boni) values ('BOD83', 193, 'BON003');
insert into bonificacion (Id_bonificacion, Monto_bonificacion, Id_tipo_boni) values ('BOD84', 386, 'BON004');
insert into bonificacion (Id_bonificacion, Monto_bonificacion, Id_tipo_boni) values ('BOD85', 186, 'BON001');
insert into bonificacion (Id_bonificacion, Monto_bonificacion, Id_tipo_boni) values ('BOD86', 70, 'BON002');
insert into bonificacion (Id_bonificacion, Monto_bonificacion, Id_tipo_boni) values ('BOD87', 318, 'BON003');
insert into bonificacion (Id_bonificacion, Monto_bonificacion, Id_tipo_boni) values ('BOD88', 104, 'BON004');
insert into bonificacion (Id_bonificacion, Monto_bonificacion, Id_tipo_boni) values ('BOD89', 139, 'BON001');
insert into bonificacion (Id_bonificacion, Monto_bonificacion, Id_tipo_boni) values ('BOD90', 295, 'BON002');
insert into bonificacion (Id_bonificacion, Monto_bonificacion, Id_tipo_boni) values ('BOD91', 315, 'BON003');
insert into bonificacion (Id_bonificacion, Monto_bonificacion, Id_tipo_boni) values ('BOD92', 106, 'BON004');
insert into bonificacion (Id_bonificacion, Monto_bonificacion, Id_tipo_boni) values ('BOD93', 65, 'BON001');
insert into bonificacion (Id_bonificacion, Monto_bonificacion, Id_tipo_boni) values ('BOD94', 71, 'BON002');
insert into bonificacion (Id_bonificacion, Monto_bonificacion, Id_tipo_boni) values ('BOD95', 109, 'BON003');
insert into bonificacion (Id_bonificacion, Monto_bonificacion, Id_tipo_boni) values ('BOD96', 385, 'BON004');
insert into bonificacion (Id_bonificacion, Monto_bonificacion, Id_tipo_boni) values ('BOD97', 389, 'BON001');
insert into bonificacion (Id_bonificacion, Monto_bonificacion, Id_tipo_boni) values ('BOD98', 163, 'BON002');
insert into bonificacion (Id_bonificacion, Monto_bonificacion, Id_tipo_boni) values ('BOD99', 261, 'BON003');
insert into bonificacion (Id_bonificacion, Monto_bonificacion, Id_tipo_boni) values ('BOD100', 239, 'BON004');
insert into bonificacion (Id_bonificacion, Monto_bonificacion, Id_tipo_boni) values ('BOD101', 466, 'BON001');
insert into bonificacion (Id_bonificacion, Monto_bonificacion, Id_tipo_boni) values ('BOD102', 271, 'BON002');
insert into bonificacion (Id_bonificacion, Monto_bonificacion, Id_tipo_boni) values ('BOD103', 99, 'BON003');
insert into bonificacion (Id_bonificacion, Monto_bonificacion, Id_tipo_boni) values ('BOD104', 345, 'BON004');
insert into bonificacion (Id_bonificacion, Monto_bonificacion, Id_tipo_boni) values ('BOD105', 234, 'BON001');
insert into bonificacion (Id_bonificacion, Monto_bonificacion, Id_tipo_boni) values ('BOD106', 393, 'BON002');
insert into bonificacion (Id_bonificacion, Monto_bonificacion, Id_tipo_boni) values ('BOD107', 124, 'BON003');
insert into bonificacion (Id_bonificacion, Monto_bonificacion, Id_tipo_boni) values ('BOD108', 488, 'BON004');
insert into bonificacion (Id_bonificacion, Monto_bonificacion, Id_tipo_boni) values ('BOD109', 248, 'BON001');
insert into bonificacion (Id_bonificacion, Monto_bonificacion, Id_tipo_boni) values ('BOD110', 272, 'BON002');
insert into bonificacion (Id_bonificacion, Monto_bonificacion, Id_tipo_boni) values ('BOD111', 96, 'BON003');
insert into bonificacion (Id_bonificacion, Monto_bonificacion, Id_tipo_boni) values ('BOD112', 347, 'BON004');
insert into bonificacion (Id_bonificacion, Monto_bonificacion, Id_tipo_boni) values ('BOD113', 335, 'BON001');
insert into bonificacion (Id_bonificacion, Monto_bonificacion, Id_tipo_boni) values ('BOD114', 294, 'BON002');
insert into bonificacion (Id_bonificacion, Monto_bonificacion, Id_tipo_boni) values ('BOD115', 416, 'BON003');
insert into bonificacion (Id_bonificacion, Monto_bonificacion, Id_tipo_boni) values ('BOD116', 246, 'BON004');
insert into bonificacion (Id_bonificacion, Monto_bonificacion, Id_tipo_boni) values ('BOD117', 224, 'BON001');
insert into bonificacion (Id_bonificacion, Monto_bonificacion, Id_tipo_boni) values ('BOD118', 318, 'BON002');
insert into bonificacion (Id_bonificacion, Monto_bonificacion, Id_tipo_boni) values ('BOD119', 344, 'BON003');
insert into bonificacion (Id_bonificacion, Monto_bonificacion, Id_tipo_boni) values ('BOD120', 193, 'BON004');
insert into bonificacion (Id_bonificacion, Monto_bonificacion, Id_tipo_boni) values ('BOD121', 109, 'BON001');
insert into bonificacion (Id_bonificacion, Monto_bonificacion, Id_tipo_boni) values ('BOD122', 145, 'BON002');
insert into bonificacion (Id_bonificacion, Monto_bonificacion, Id_tipo_boni) values ('BOD123', 461, 'BON003');
insert into bonificacion (Id_bonificacion, Monto_bonificacion, Id_tipo_boni) values ('BOD124', 325, 'BON004');
insert into bonificacion (Id_bonificacion, Monto_bonificacion, Id_tipo_boni) values ('BOD125', 111, 'BON001');
insert into bonificacion (Id_bonificacion, Monto_bonificacion, Id_tipo_boni) values ('BOD126', 479, 'BON002');
insert into bonificacion (Id_bonificacion, Monto_bonificacion, Id_tipo_boni) values ('BOD127', 434, 'BON003');
insert into bonificacion (Id_bonificacion, Monto_bonificacion, Id_tipo_boni) values ('BOD128', 182, 'BON004');
insert into bonificacion (Id_bonificacion, Monto_bonificacion, Id_tipo_boni) values ('BOD129', 55, 'BON001');
insert into bonificacion (Id_bonificacion, Monto_bonificacion, Id_tipo_boni) values ('BOD130', 73, 'BON002');
insert into bonificacion (Id_bonificacion, Monto_bonificacion, Id_tipo_boni) values ('BOD131', 102, 'BON003');
insert into bonificacion (Id_bonificacion, Monto_bonificacion, Id_tipo_boni) values ('BOD132', 489, 'BON004');
insert into bonificacion (Id_bonificacion, Monto_bonificacion, Id_tipo_boni) values ('BOD133', 337, 'BON001');
insert into bonificacion (Id_bonificacion, Monto_bonificacion, Id_tipo_boni) values ('BOD134', 453, 'BON002');
insert into bonificacion (Id_bonificacion, Monto_bonificacion, Id_tipo_boni) values ('BOD135', 173, 'BON003');
insert into bonificacion (Id_bonificacion, Monto_bonificacion, Id_tipo_boni) values ('BOD136', 419, 'BON004');
insert into bonificacion (Id_bonificacion, Monto_bonificacion, Id_tipo_boni) values ('BOD137', 141, 'BON001');
insert into bonificacion (Id_bonificacion, Monto_bonificacion, Id_tipo_boni) values ('BOD138', 486, 'BON002');
insert into bonificacion (Id_bonificacion, Monto_bonificacion, Id_tipo_boni) values ('BOD139', 75, 'BON003');
insert into bonificacion (Id_bonificacion, Monto_bonificacion, Id_tipo_boni) values ('BOD140', 466, 'BON004');
insert into bonificacion (Id_bonificacion, Monto_bonificacion, Id_tipo_boni) values ('BOD141', 198, 'BON001');
insert into bonificacion (Id_bonificacion, Monto_bonificacion, Id_tipo_boni) values ('BOD142', 443, 'BON002');
insert into bonificacion (Id_bonificacion, Monto_bonificacion, Id_tipo_boni) values ('BOD143', 102, 'BON003');
insert into bonificacion (Id_bonificacion, Monto_bonificacion, Id_tipo_boni) values ('BOD144', 170, 'BON004');
insert into bonificacion (Id_bonificacion, Monto_bonificacion, Id_tipo_boni) values ('BOD145', 454, 'BON001');
insert into bonificacion (Id_bonificacion, Monto_bonificacion, Id_tipo_boni) values ('BOD146', 126, 'BON002');
insert into bonificacion (Id_bonificacion, Monto_bonificacion, Id_tipo_boni) values ('BOD147', 195, 'BON003');
insert into bonificacion (Id_bonificacion, Monto_bonificacion, Id_tipo_boni) values ('BOD148', 345, 'BON004');
insert into bonificacion (Id_bonificacion, Monto_bonificacion, Id_tipo_boni) values ('BOD149', 377, 'BON001');
insert into bonificacion (Id_bonificacion, Monto_bonificacion, Id_tipo_boni) values ('BOD150', 108, 'BON002');
insert into bonificacion (Id_bonificacion, Monto_bonificacion, Id_tipo_boni) values ('BOD151', 259, 'BON003');
insert into bonificacion (Id_bonificacion, Monto_bonificacion, Id_tipo_boni) values ('BOD152', 137, 'BON004');
insert into bonificacion (Id_bonificacion, Monto_bonificacion, Id_tipo_boni) values ('BOD153', 277, 'BON001');
insert into bonificacion (Id_bonificacion, Monto_bonificacion, Id_tipo_boni) values ('BOD154', 305, 'BON002');
insert into bonificacion (Id_bonificacion, Monto_bonificacion, Id_tipo_boni) values ('BOD155', 115, 'BON003');
insert into bonificacion (Id_bonificacion, Monto_bonificacion, Id_tipo_boni) values ('BOD156', 274, 'BON004');
insert into bonificacion (Id_bonificacion, Monto_bonificacion, Id_tipo_boni) values ('BOD157', 475, 'BON001');
insert into bonificacion (Id_bonificacion, Monto_bonificacion, Id_tipo_boni) values ('BOD158', 448, 'BON002');
insert into bonificacion (Id_bonificacion, Monto_bonificacion, Id_tipo_boni) values ('BOD159', 111, 'BON003');
insert into bonificacion (Id_bonificacion, Monto_bonificacion, Id_tipo_boni) values ('BOD160', 103, 'BON004');
insert into bonificacion (Id_bonificacion, Monto_bonificacion, Id_tipo_boni) values ('BOD161', 379, 'BON001');
insert into bonificacion (Id_bonificacion, Monto_bonificacion, Id_tipo_boni) values ('BOD162', 282, 'BON002');
insert into bonificacion (Id_bonificacion, Monto_bonificacion, Id_tipo_boni) values ('BOD163', 492, 'BON003');
insert into bonificacion (Id_bonificacion, Monto_bonificacion, Id_tipo_boni) values ('BOD164', 398, 'BON004');
insert into bonificacion (Id_bonificacion, Monto_bonificacion, Id_tipo_boni) values ('BOD165', 286, 'BON001');
insert into bonificacion (Id_bonificacion, Monto_bonificacion, Id_tipo_boni) values ('BOD166', 401, 'BON002');
insert into bonificacion (Id_bonificacion, Monto_bonificacion, Id_tipo_boni) values ('BOD167', 253, 'BON003');
insert into bonificacion (Id_bonificacion, Monto_bonificacion, Id_tipo_boni) values ('BOD168', 261, 'BON004');
insert into bonificacion (Id_bonificacion, Monto_bonificacion, Id_tipo_boni) values ('BOD169', 299, 'BON001');
insert into bonificacion (Id_bonificacion, Monto_bonificacion, Id_tipo_boni) values ('BOD170', 407, 'BON002');
insert into bonificacion (Id_bonificacion, Monto_bonificacion, Id_tipo_boni) values ('BOD171', 201, 'BON003');
insert into bonificacion (Id_bonificacion, Monto_bonificacion, Id_tipo_boni) values ('BOD172', 448, 'BON004');
insert into bonificacion (Id_bonificacion, Monto_bonificacion, Id_tipo_boni) values ('BOD173', 247, 'BON001');
insert into bonificacion (Id_bonificacion, Monto_bonificacion, Id_tipo_boni) values ('BOD174', 152, 'BON002');
insert into bonificacion (Id_bonificacion, Monto_bonificacion, Id_tipo_boni) values ('BOD175', 153, 'BON003');
insert into bonificacion (Id_bonificacion, Monto_bonificacion, Id_tipo_boni) values ('BOD176', 205, 'BON004');
insert into bonificacion (Id_bonificacion, Monto_bonificacion, Id_tipo_boni) values ('BOD177', 361, 'BON001');
insert into bonificacion (Id_bonificacion, Monto_bonificacion, Id_tipo_boni) values ('BOD178', 313, 'BON002');
insert into bonificacion (Id_bonificacion, Monto_bonificacion, Id_tipo_boni) values ('BOD179', 365, 'BON003');
insert into bonificacion (Id_bonificacion, Monto_bonificacion, Id_tipo_boni) values ('BOD180', 316, 'BON004');
insert into bonificacion (Id_bonificacion, Monto_bonificacion, Id_tipo_boni) values ('BOD181', 302, 'BON001');
insert into bonificacion (Id_bonificacion, Monto_bonificacion, Id_tipo_boni) values ('BOD182', 147, 'BON002');
insert into bonificacion (Id_bonificacion, Monto_bonificacion, Id_tipo_boni) values ('BOD183', 125, 'BON003');
insert into bonificacion (Id_bonificacion, Monto_bonificacion, Id_tipo_boni) values ('BOD184', 106, 'BON004');
insert into bonificacion (Id_bonificacion, Monto_bonificacion, Id_tipo_boni) values ('BOD185', 95, 'BON001');
insert into bonificacion (Id_bonificacion, Monto_bonificacion, Id_tipo_boni) values ('BOD186', 455, 'BON002');
insert into bonificacion (Id_bonificacion, Monto_bonificacion, Id_tipo_boni) values ('BOD187', 245, 'BON003');
insert into bonificacion (Id_bonificacion, Monto_bonificacion, Id_tipo_boni) values ('BOD188', 376, 'BON004');
insert into bonificacion (Id_bonificacion, Monto_bonificacion, Id_tipo_boni) values ('BOD189', 440, 'BON001');
insert into bonificacion (Id_bonificacion, Monto_bonificacion, Id_tipo_boni) values ('BOD190', 341, 'BON002');
insert into bonificacion (Id_bonificacion, Monto_bonificacion, Id_tipo_boni) values ('BOD191', 97, 'BON003');
insert into bonificacion (Id_bonificacion, Monto_bonificacion, Id_tipo_boni) values ('BOD192', 125, 'BON004');
insert into bonificacion (Id_bonificacion, Monto_bonificacion, Id_tipo_boni) values ('BOD193', 438, 'BON001');
insert into bonificacion (Id_bonificacion, Monto_bonificacion, Id_tipo_boni) values ('BOD194', 230, 'BON002');
insert into bonificacion (Id_bonificacion, Monto_bonificacion, Id_tipo_boni) values ('BOD195', 201, 'BON003');
insert into bonificacion (Id_bonificacion, Monto_bonificacion, Id_tipo_boni) values ('BOD196', 464, 'BON004');
insert into bonificacion (Id_bonificacion, Monto_bonificacion, Id_tipo_boni) values ('BOD197', 237, 'BON001');
insert into bonificacion (Id_bonificacion, Monto_bonificacion, Id_tipo_boni) values ('BOD198', 184, 'BON002');
insert into bonificacion (Id_bonificacion, Monto_bonificacion, Id_tipo_boni) values ('BOD199', 296, 'BON003');
insert into bonificacion (Id_bonificacion, Monto_bonificacion, Id_tipo_boni) values ('BOD200', 161, 'BON004');

INSERT INTO Tipo_vehiculo (id_tipo_vehiculo, nombre_tipo_vehiculo) VALUES
('TV001', 'moto'),
('TV002', 'camión'),
('TV003', 'trailer');
insert into Transporte (id_transporte, id_operario, fecha_transporte, id_tipo_vehiculo) values ('TRA1', 'OPE21', '14-02-2024', 'TV002');
insert into Transporte (id_transporte, id_operario, fecha_transporte, id_tipo_vehiculo) values ('TRA2', 'OPE54', '22-09-2023', 'TV001');
insert into Transporte (id_transporte, id_operario, fecha_transporte, id_tipo_vehiculo) values ('TRA3', 'OPE96', '04-01-2024', 'TV002');
insert into Transporte (id_transporte, id_operario, fecha_transporte, id_tipo_vehiculo) values ('TRA4', 'OPE77', '23-07-2023', 'TV003');
insert into Transporte (id_transporte, id_operario, fecha_transporte, id_tipo_vehiculo) values ('TRA5', 'OPE75', '25-06-2023', 'TV003');
insert into Transporte (id_transporte, id_operario, fecha_transporte, id_tipo_vehiculo) values ('TRA6', 'OPE1', '28-07-2023', 'TV001');
insert into Transporte (id_transporte, id_operario, fecha_transporte, id_tipo_vehiculo) values ('TRA7', 'OPE42', '07-06-2024', 'TV002');
insert into Transporte (id_transporte, id_operario, fecha_transporte, id_tipo_vehiculo) values ('TRA8', 'OPE28', '06-06-2024', 'TV002');
insert into Transporte (id_transporte, id_operario, fecha_transporte, id_tipo_vehiculo) values ('TRA9', 'OPE53', '06-11-2023', 'TV002');
insert into Transporte (id_transporte, id_operario, fecha_transporte, id_tipo_vehiculo) values ('TRA10', 'OPE29', '17-04-2024', 'TV002');
insert into Transporte (id_transporte, id_operario, fecha_transporte, id_tipo_vehiculo) values ('TRA11', 'OPE74', '15-10-2023', 'TV003');
insert into Transporte (id_transporte, id_operario, fecha_transporte, id_tipo_vehiculo) values ('TRA12', 'OPE87', '30-07-2023', 'TV001');
insert into Transporte (id_transporte, id_operario, fecha_transporte, id_tipo_vehiculo) values ('TRA13', 'OPE46', '31-01-2024', 'TV003');
insert into Transporte (id_transporte, id_operario, fecha_transporte, id_tipo_vehiculo) values ('TRA14', 'OPE64', '15-09-2023', 'TV003');
insert into Transporte (id_transporte, id_operario, fecha_transporte, id_tipo_vehiculo) values ('TRA15', 'OPE9', '24-03-2024', 'TV002');
insert into Transporte (id_transporte, id_operario, fecha_transporte, id_tipo_vehiculo) values ('TRA16', 'OPE1', '20-01-2024', 'TV003');
insert into Transporte (id_transporte, id_operario, fecha_transporte, id_tipo_vehiculo) values ('TRA17', 'OPE5', '05-01-2024', 'TV001');
insert into Transporte (id_transporte, id_operario, fecha_transporte, id_tipo_vehiculo) values ('TRA18', 'OPE78', '11-04-2024', 'TV003');
insert into Transporte (id_transporte, id_operario, fecha_transporte, id_tipo_vehiculo) values ('TRA19', 'OPE87', '27-04-2024', 'TV001');
insert into Transporte (id_transporte, id_operario, fecha_transporte, id_tipo_vehiculo) values ('TRA20', 'OPE71', '21-07-2023', 'TV003');
insert into Transporte (id_transporte, id_operario, fecha_transporte, id_tipo_vehiculo) values ('TRA21', 'OPE21', '17-12-2023', 'TV003');
insert into Transporte (id_transporte, id_operario, fecha_transporte, id_tipo_vehiculo) values ('TRA22', 'OPE44', '16-05-2024', 'TV003');
insert into Transporte (id_transporte, id_operario, fecha_transporte, id_tipo_vehiculo) values ('TRA23', 'OPE53', '16-10-2023', 'TV002');
insert into Transporte (id_transporte, id_operario, fecha_transporte, id_tipo_vehiculo) values ('TRA24', 'OPE17', '18-08-2023', 'TV002');
insert into Transporte (id_transporte, id_operario, fecha_transporte, id_tipo_vehiculo) values ('TRA25', 'OPE55', '23-02-2024', 'TV002');
insert into Transporte (id_transporte, id_operario, fecha_transporte, id_tipo_vehiculo) values ('TRA26', 'OPE87', '02-02-2024', 'TV001');
insert into Transporte (id_transporte, id_operario, fecha_transporte, id_tipo_vehiculo) values ('TRA27', 'OPE61', '01-04-2024', 'TV001');
insert into Transporte (id_transporte, id_operario, fecha_transporte, id_tipo_vehiculo) values ('TRA28', 'OPE78', '23-01-2024', 'TV001');
insert into Transporte (id_transporte, id_operario, fecha_transporte, id_tipo_vehiculo) values ('TRA29', 'OPE2', '03-06-2024', 'TV003');
insert into Transporte (id_transporte, id_operario, fecha_transporte, id_tipo_vehiculo) values ('TRA30', 'OPE51', '04-03-2024', 'TV002');
insert into Transporte (id_transporte, id_operario, fecha_transporte, id_tipo_vehiculo) values ('TRA31', 'OPE98', '30-11-2023', 'TV003');
insert into Transporte (id_transporte, id_operario, fecha_transporte, id_tipo_vehiculo) values ('TRA32', 'OPE22', '07-06-2024', 'TV002');
insert into Transporte (id_transporte, id_operario, fecha_transporte, id_tipo_vehiculo) values ('TRA33', 'OPE39', '19-12-2023', 'TV002');
insert into Transporte (id_transporte, id_operario, fecha_transporte, id_tipo_vehiculo) values ('TRA34', 'OPE45', '27-10-2023', 'TV001');
insert into Transporte (id_transporte, id_operario, fecha_transporte, id_tipo_vehiculo) values ('TRA35', 'OPE72', '11-11-2023', 'TV003');
insert into Transporte (id_transporte, id_operario, fecha_transporte, id_tipo_vehiculo) values ('TRA36', 'OPE83', '23-10-2023', 'TV001');
insert into Transporte (id_transporte, id_operario, fecha_transporte, id_tipo_vehiculo) values ('TRA37', 'OPE46', '20-02-2024', 'TV003');
insert into Transporte (id_transporte, id_operario, fecha_transporte, id_tipo_vehiculo) values ('TRA38', 'OPE27', '02-09-2023', 'TV003');
insert into Transporte (id_transporte, id_operario, fecha_transporte, id_tipo_vehiculo) values ('TRA39', 'OPE13', '08-11-2023', 'TV003');
insert into Transporte (id_transporte, id_operario, fecha_transporte, id_tipo_vehiculo) values ('TRA40', 'OPE80', '19-12-2023', 'TV003');
insert into Transporte (id_transporte, id_operario, fecha_transporte, id_tipo_vehiculo) values ('TRA41', 'OPE60', '21-05-2024', 'TV002');
insert into Transporte (id_transporte, id_operario, fecha_transporte, id_tipo_vehiculo) values ('TRA42', 'OPE20', '22-07-2023', 'TV001');
insert into Transporte (id_transporte, id_operario, fecha_transporte, id_tipo_vehiculo) values ('TRA43', 'OPE93', '24-09-2023', 'TV001');
insert into Transporte (id_transporte, id_operario, fecha_transporte, id_tipo_vehiculo) values ('TRA44', 'OPE67', '06-12-2023', 'TV001');
insert into Transporte (id_transporte, id_operario, fecha_transporte, id_tipo_vehiculo) values ('TRA45', 'OPE42', '23-06-2023', 'TV003');
insert into Transporte (id_transporte, id_operario, fecha_transporte, id_tipo_vehiculo) values ('TRA46', 'OPE50', '13-05-2024', 'TV003');
insert into Transporte (id_transporte, id_operario, fecha_transporte, id_tipo_vehiculo) values ('TRA47', 'OPE21', '12-02-2024', 'TV003');
insert into Transporte (id_transporte, id_operario, fecha_transporte, id_tipo_vehiculo) values ('TRA48', 'OPE84', '25-11-2023', 'TV001');
insert into Transporte (id_transporte, id_operario, fecha_transporte, id_tipo_vehiculo) values ('TRA49', 'OPE89', '07-09-2023', 'TV001');
insert into Transporte (id_transporte, id_operario, fecha_transporte, id_tipo_vehiculo) values ('TRA50', 'OPE86', '10-11-2023', 'TV002');
insert into Transporte (id_transporte, id_operario, fecha_transporte, id_tipo_vehiculo) values ('TRA51', 'OPE31', '28-02-2024', 'TV003');
insert into Transporte (id_transporte, id_operario, fecha_transporte, id_tipo_vehiculo) values ('TRA52', 'OPE43', '16-10-2023', 'TV003');
insert into Transporte (id_transporte, id_operario, fecha_transporte, id_tipo_vehiculo) values ('TRA53', 'OPE32', '27-04-2024', 'TV002');
insert into Transporte (id_transporte, id_operario, fecha_transporte, id_tipo_vehiculo) values ('TRA54', 'OPE62', '11-06-2023', 'TV002');
insert into Transporte (id_transporte, id_operario, fecha_transporte, id_tipo_vehiculo) values ('TRA55', 'OPE86', '10-05-2024', 'TV002');
insert into Transporte (id_transporte, id_operario, fecha_transporte, id_tipo_vehiculo) values ('TRA56', 'OPE58', '10-01-2024', 'TV002');
insert into Transporte (id_transporte, id_operario, fecha_transporte, id_tipo_vehiculo) values ('TRA57', 'OPE43', '02-01-2024', 'TV002');
insert into Transporte (id_transporte, id_operario, fecha_transporte, id_tipo_vehiculo) values ('TRA58', 'OPE10', '18-06-2023', 'TV001');
insert into Transporte (id_transporte, id_operario, fecha_transporte, id_tipo_vehiculo) values ('TRA59', 'OPE69', '09-11-2023', 'TV001');
insert into Transporte (id_transporte, id_operario, fecha_transporte, id_tipo_vehiculo) values ('TRA60', 'OPE29', '06-06-2024', 'TV001');
insert into Transporte (id_transporte, id_operario, fecha_transporte, id_tipo_vehiculo) values ('TRA61', 'OPE60', '04-02-2024', 'TV003');
insert into Transporte (id_transporte, id_operario, fecha_transporte, id_tipo_vehiculo) values ('TRA62', 'OPE100', '24-04-2024', 'TV001');
insert into Transporte (id_transporte, id_operario, fecha_transporte, id_tipo_vehiculo) values ('TRA63', 'OPE36', '15-07-2023', 'TV002');
insert into Transporte (id_transporte, id_operario, fecha_transporte, id_tipo_vehiculo) values ('TRA64', 'OPE61', '25-06-2023', 'TV002');
insert into Transporte (id_transporte, id_operario, fecha_transporte, id_tipo_vehiculo) values ('TRA65', 'OPE87', '13-03-2024', 'TV001');
insert into Transporte (id_transporte, id_operario, fecha_transporte, id_tipo_vehiculo) values ('TRA66', 'OPE77', '25-07-2023', 'TV002');
insert into Transporte (id_transporte, id_operario, fecha_transporte, id_tipo_vehiculo) values ('TRA67', 'OPE79', '25-03-2024', 'TV003');
insert into Transporte (id_transporte, id_operario, fecha_transporte, id_tipo_vehiculo) values ('TRA68', 'OPE59', '19-04-2024', 'TV001');
insert into Transporte (id_transporte, id_operario, fecha_transporte, id_tipo_vehiculo) values ('TRA69', 'OPE53', '05-02-2024', 'TV003');
insert into Transporte (id_transporte, id_operario, fecha_transporte, id_tipo_vehiculo) values ('TRA70', 'OPE66', '02-06-2024', 'TV001');
insert into Transporte (id_transporte, id_operario, fecha_transporte, id_tipo_vehiculo) values ('TRA71', 'OPE4', '14-11-2023', 'TV001');
insert into Transporte (id_transporte, id_operario, fecha_transporte, id_tipo_vehiculo) values ('TRA72', 'OPE43', '21-04-2024', 'TV003');
insert into Transporte (id_transporte, id_operario, fecha_transporte, id_tipo_vehiculo) values ('TRA73', 'OPE15', '17-03-2024', 'TV001');
insert into Transporte (id_transporte, id_operario, fecha_transporte, id_tipo_vehiculo) values ('TRA74', 'OPE77', '13-10-2023', 'TV001');
insert into Transporte (id_transporte, id_operario, fecha_transporte, id_tipo_vehiculo) values ('TRA75', 'OPE44', '07-05-2024', 'TV001');
insert into Transporte (id_transporte, id_operario, fecha_transporte, id_tipo_vehiculo) values ('TRA76', 'OPE62', '13-11-2023', 'TV001');
insert into Transporte (id_transporte, id_operario, fecha_transporte, id_tipo_vehiculo) values ('TRA77', 'OPE6', '05-06-2024', 'TV002');
insert into Transporte (id_transporte, id_operario, fecha_transporte, id_tipo_vehiculo) values ('TRA78', 'OPE8', '25-06-2023', 'TV002');
insert into Transporte (id_transporte, id_operario, fecha_transporte, id_tipo_vehiculo) values ('TRA79', 'OPE76', '06-08-2023', 'TV003');
insert into Transporte (id_transporte, id_operario, fecha_transporte, id_tipo_vehiculo) values ('TRA80', 'OPE65', '08-09-2023', 'TV002');
insert into Transporte (id_transporte, id_operario, fecha_transporte, id_tipo_vehiculo) values ('TRA81', 'OPE39', '05-04-2024', 'TV003');
insert into Transporte (id_transporte, id_operario, fecha_transporte, id_tipo_vehiculo) values ('TRA82', 'OPE44', '09-11-2023', 'TV002');
insert into Transporte (id_transporte, id_operario, fecha_transporte, id_tipo_vehiculo) values ('TRA83', 'OPE56', '26-04-2024', 'TV001');
insert into Transporte (id_transporte, id_operario, fecha_transporte, id_tipo_vehiculo) values ('TRA84', 'OPE97', '20-06-2023', 'TV002');
insert into Transporte (id_transporte, id_operario, fecha_transporte, id_tipo_vehiculo) values ('TRA85', 'OPE11', '23-06-2023', 'TV002');
insert into Transporte (id_transporte, id_operario, fecha_transporte, id_tipo_vehiculo) values ('TRA86', 'OPE74', '31-01-2024', 'TV002');
insert into Transporte (id_transporte, id_operario, fecha_transporte, id_tipo_vehiculo) values ('TRA87', 'OPE13', '29-03-2024', 'TV002');
insert into Transporte (id_transporte, id_operario, fecha_transporte, id_tipo_vehiculo) values ('TRA88', 'OPE100', '14-08-2023', 'TV002');
insert into Transporte (id_transporte, id_operario, fecha_transporte, id_tipo_vehiculo) values ('TRA89', 'OPE11', '15-03-2024', 'TV002');
insert into Transporte (id_transporte, id_operario, fecha_transporte, id_tipo_vehiculo) values ('TRA90', 'OPE60', '24-05-2024', 'TV001');
insert into Transporte (id_transporte, id_operario, fecha_transporte, id_tipo_vehiculo) values ('TRA91', 'OPE31', '26-04-2024', 'TV003');
insert into Transporte (id_transporte, id_operario, fecha_transporte, id_tipo_vehiculo) values ('TRA92', 'OPE44', '17-08-2023', 'TV001');
insert into Transporte (id_transporte, id_operario, fecha_transporte, id_tipo_vehiculo) values ('TRA93', 'OPE51', '20-09-2023', 'TV003');
insert into Transporte (id_transporte, id_operario, fecha_transporte, id_tipo_vehiculo) values ('TRA94', 'OPE71', '02-02-2024', 'TV002');
insert into Transporte (id_transporte, id_operario, fecha_transporte, id_tipo_vehiculo) values ('TRA95', 'OPE60', '08-12-2023', 'TV003');
insert into Transporte (id_transporte, id_operario, fecha_transporte, id_tipo_vehiculo) values ('TRA96', 'OPE23', '22-04-2024', 'TV002');
insert into Transporte (id_transporte, id_operario, fecha_transporte, id_tipo_vehiculo) values ('TRA97', 'OPE41', '16-03-2024', 'TV001');
insert into Transporte (id_transporte, id_operario, fecha_transporte, id_tipo_vehiculo) values ('TRA98', 'OPE52', '15-09-2023', 'TV003');
insert into Transporte (id_transporte, id_operario, fecha_transporte, id_tipo_vehiculo) values ('TRA99', 'OPE57', '16-01-2024', 'TV003');
insert into Transporte (id_transporte, id_operario, fecha_transporte, id_tipo_vehiculo) values ('TRA100', 'OPE35', '16-04-2024', 'TV002');
insert into Transporte (id_transporte, id_operario, fecha_transporte, id_tipo_vehiculo) values ('TRA101', 'OPE5', '30-03-2024', 'TV003');
insert into Transporte (id_transporte, id_operario, fecha_transporte, id_tipo_vehiculo) values ('TRA102', 'OPE69', '18-01-2024', 'TV001');
insert into Transporte (id_transporte, id_operario, fecha_transporte, id_tipo_vehiculo) values ('TRA103', 'OPE28', '23-10-2023', 'TV003');
insert into Transporte (id_transporte, id_operario, fecha_transporte, id_tipo_vehiculo) values ('TRA104', 'OPE51', '30-05-2024', 'TV002');
insert into Transporte (id_transporte, id_operario, fecha_transporte, id_tipo_vehiculo) values ('TRA105', 'OPE83', '14-06-2023', 'TV002');
insert into Transporte (id_transporte, id_operario, fecha_transporte, id_tipo_vehiculo) values ('TRA106', 'OPE64', '15-09-2023', 'TV001');
insert into Transporte (id_transporte, id_operario, fecha_transporte, id_tipo_vehiculo) values ('TRA107', 'OPE57', '16-11-2023', 'TV002');
insert into Transporte (id_transporte, id_operario, fecha_transporte, id_tipo_vehiculo) values ('TRA108', 'OPE62', '03-11-2023', 'TV003');
insert into Transporte (id_transporte, id_operario, fecha_transporte, id_tipo_vehiculo) values ('TRA109', 'OPE27', '09-03-2024', 'TV001');
insert into Transporte (id_transporte, id_operario, fecha_transporte, id_tipo_vehiculo) values ('TRA110', 'OPE95', '18-08-2023', 'TV002');
insert into Transporte (id_transporte, id_operario, fecha_transporte, id_tipo_vehiculo) values ('TRA111', 'OPE2', '23-11-2023', 'TV003');
insert into Transporte (id_transporte, id_operario, fecha_transporte, id_tipo_vehiculo) values ('TRA112', 'OPE10', '27-07-2023', 'TV001');
insert into Transporte (id_transporte, id_operario, fecha_transporte, id_tipo_vehiculo) values ('TRA113', 'OPE29', '11-12-2023', 'TV003');
insert into Transporte (id_transporte, id_operario, fecha_transporte, id_tipo_vehiculo) values ('TRA114', 'OPE66', '11-11-2023', 'TV001');
insert into Transporte (id_transporte, id_operario, fecha_transporte, id_tipo_vehiculo) values ('TRA115', 'OPE5', '07-05-2024', 'TV001');
insert into Transporte (id_transporte, id_operario, fecha_transporte, id_tipo_vehiculo) values ('TRA116', 'OPE80', '05-02-2024', 'TV002');
insert into Transporte (id_transporte, id_operario, fecha_transporte, id_tipo_vehiculo) values ('TRA117', 'OPE32', '27-12-2023', 'TV003');
insert into Transporte (id_transporte, id_operario, fecha_transporte, id_tipo_vehiculo) values ('TRA118', 'OPE18', '22-03-2024', 'TV001');
insert into Transporte (id_transporte, id_operario, fecha_transporte, id_tipo_vehiculo) values ('TRA119', 'OPE12', '26-06-2023', 'TV002');
insert into Transporte (id_transporte, id_operario, fecha_transporte, id_tipo_vehiculo) values ('TRA120', 'OPE14', '18-06-2023', 'TV002');
insert into Transporte (id_transporte, id_operario, fecha_transporte, id_tipo_vehiculo) values ('TRA121', 'OPE64', '07-11-2023', 'TV002');
insert into Transporte (id_transporte, id_operario, fecha_transporte, id_tipo_vehiculo) values ('TRA122', 'OPE76', '30-05-2024', 'TV002');
insert into Transporte (id_transporte, id_operario, fecha_transporte, id_tipo_vehiculo) values ('TRA123', 'OPE79', '19-11-2023', 'TV003');
insert into Transporte (id_transporte, id_operario, fecha_transporte, id_tipo_vehiculo) values ('TRA124', 'OPE9', '09-12-2023', 'TV002');
insert into Transporte (id_transporte, id_operario, fecha_transporte, id_tipo_vehiculo) values ('TRA125', 'OPE95', '13-11-2023', 'TV002');
insert into Transporte (id_transporte, id_operario, fecha_transporte, id_tipo_vehiculo) values ('TRA126', 'OPE24', '04-08-2023', 'TV002');
insert into Transporte (id_transporte, id_operario, fecha_transporte, id_tipo_vehiculo) values ('TRA127', 'OPE2', '05-09-2023', 'TV001');
insert into Transporte (id_transporte, id_operario, fecha_transporte, id_tipo_vehiculo) values ('TRA128', 'OPE89', '29-07-2023', 'TV002');
insert into Transporte (id_transporte, id_operario, fecha_transporte, id_tipo_vehiculo) values ('TRA129', 'OPE87', '18-05-2024', 'TV003');
insert into Transporte (id_transporte, id_operario, fecha_transporte, id_tipo_vehiculo) values ('TRA130', 'OPE19', '18-08-2023', 'TV002');
insert into Transporte (id_transporte, id_operario, fecha_transporte, id_tipo_vehiculo) values ('TRA131', 'OPE73', '17-09-2023', 'TV001');
insert into Transporte (id_transporte, id_operario, fecha_transporte, id_tipo_vehiculo) values ('TRA132', 'OPE48', '03-05-2024', 'TV003');
insert into Transporte (id_transporte, id_operario, fecha_transporte, id_tipo_vehiculo) values ('TRA133', 'OPE13', '06-08-2023', 'TV002');
insert into Transporte (id_transporte, id_operario, fecha_transporte, id_tipo_vehiculo) values ('TRA134', 'OPE40', '24-07-2023', 'TV001');
insert into Transporte (id_transporte, id_operario, fecha_transporte, id_tipo_vehiculo) values ('TRA135', 'OPE93', '25-07-2023', 'TV003');
insert into Transporte (id_transporte, id_operario, fecha_transporte, id_tipo_vehiculo) values ('TRA136', 'OPE89', '21-02-2024', 'TV003');
insert into Transporte (id_transporte, id_operario, fecha_transporte, id_tipo_vehiculo) values ('TRA137', 'OPE49', '23-02-2024', 'TV003');
insert into Transporte (id_transporte, id_operario, fecha_transporte, id_tipo_vehiculo) values ('TRA138', 'OPE29', '24-06-2023', 'TV001');
insert into Transporte (id_transporte, id_operario, fecha_transporte, id_tipo_vehiculo) values ('TRA139', 'OPE68', '21-07-2023', 'TV003');
insert into Transporte (id_transporte, id_operario, fecha_transporte, id_tipo_vehiculo) values ('TRA140', 'OPE50', '30-05-2024', 'TV003');
insert into Transporte (id_transporte, id_operario, fecha_transporte, id_tipo_vehiculo) values ('TRA141', 'OPE69', '05-11-2023', 'TV003');
insert into Transporte (id_transporte, id_operario, fecha_transporte, id_tipo_vehiculo) values ('TRA142', 'OPE84', '23-01-2024', 'TV003');
insert into Transporte (id_transporte, id_operario, fecha_transporte, id_tipo_vehiculo) values ('TRA143', 'OPE51', '05-08-2023', 'TV003');
insert into Transporte (id_transporte, id_operario, fecha_transporte, id_tipo_vehiculo) values ('TRA144', 'OPE99', '04-01-2024', 'TV002');
insert into Transporte (id_transporte, id_operario, fecha_transporte, id_tipo_vehiculo) values ('TRA145', 'OPE24', '10-03-2024', 'TV002');
insert into Transporte (id_transporte, id_operario, fecha_transporte, id_tipo_vehiculo) values ('TRA146', 'OPE44', '29-12-2023', 'TV002');
insert into Transporte (id_transporte, id_operario, fecha_transporte, id_tipo_vehiculo) values ('TRA147', 'OPE79', '19-06-2023', 'TV003');
insert into Transporte (id_transporte, id_operario, fecha_transporte, id_tipo_vehiculo) values ('TRA148', 'OPE68', '20-09-2023', 'TV003');
insert into Transporte (id_transporte, id_operario, fecha_transporte, id_tipo_vehiculo) values ('TRA149', 'OPE19', '29-01-2024', 'TV003');
insert into Transporte (id_transporte, id_operario, fecha_transporte, id_tipo_vehiculo) values ('TRA150', 'OPE41', '10-04-2024', 'TV002');
insert into Transporte (id_transporte, id_operario, fecha_transporte, id_tipo_vehiculo) values ('TRA151', 'OPE35', '28-05-2024', 'TV002');
insert into Transporte (id_transporte, id_operario, fecha_transporte, id_tipo_vehiculo) values ('TRA152', 'OPE84', '28-12-2023', 'TV001');
insert into Transporte (id_transporte, id_operario, fecha_transporte, id_tipo_vehiculo) values ('TRA153', 'OPE51', '30-06-2023', 'TV003');
insert into Transporte (id_transporte, id_operario, fecha_transporte, id_tipo_vehiculo) values ('TRA154', 'OPE11', '05-05-2024', 'TV003');
insert into Transporte (id_transporte, id_operario, fecha_transporte, id_tipo_vehiculo) values ('TRA155', 'OPE88', '23-05-2024', 'TV003');
insert into Transporte (id_transporte, id_operario, fecha_transporte, id_tipo_vehiculo) values ('TRA156', 'OPE19', '01-12-2023', 'TV001');
insert into Transporte (id_transporte, id_operario, fecha_transporte, id_tipo_vehiculo) values ('TRA157', 'OPE6', '02-03-2024', 'TV003');
insert into Transporte (id_transporte, id_operario, fecha_transporte, id_tipo_vehiculo) values ('TRA158', 'OPE93', '10-01-2024', 'TV002');
insert into Transporte (id_transporte, id_operario, fecha_transporte, id_tipo_vehiculo) values ('TRA159', 'OPE100', '26-03-2024', 'TV002');
insert into Transporte (id_transporte, id_operario, fecha_transporte, id_tipo_vehiculo) values ('TRA160', 'OPE71', '06-04-2024', 'TV001');
insert into Transporte (id_transporte, id_operario, fecha_transporte, id_tipo_vehiculo) values ('TRA161', 'OPE96', '29-10-2023', 'TV003');
insert into Transporte (id_transporte, id_operario, fecha_transporte, id_tipo_vehiculo) values ('TRA162', 'OPE77', '06-03-2024', 'TV003');
insert into Transporte (id_transporte, id_operario, fecha_transporte, id_tipo_vehiculo) values ('TRA163', 'OPE9', '25-05-2024', 'TV001');
insert into Transporte (id_transporte, id_operario, fecha_transporte, id_tipo_vehiculo) values ('TRA164', 'OPE17', '18-01-2024', 'TV002');
insert into Transporte (id_transporte, id_operario, fecha_transporte, id_tipo_vehiculo) values ('TRA165', 'OPE11', '02-06-2024', 'TV002');
insert into Transporte (id_transporte, id_operario, fecha_transporte, id_tipo_vehiculo) values ('TRA166', 'OPE3', '08-02-2024', 'TV001');
insert into Transporte (id_transporte, id_operario, fecha_transporte, id_tipo_vehiculo) values ('TRA167', 'OPE70', '04-09-2023', 'TV001');
insert into Transporte (id_transporte, id_operario, fecha_transporte, id_tipo_vehiculo) values ('TRA168', 'OPE31', '19-08-2023', 'TV002');
insert into Transporte (id_transporte, id_operario, fecha_transporte, id_tipo_vehiculo) values ('TRA169', 'OPE83', '22-04-2024', 'TV002');
insert into Transporte (id_transporte, id_operario, fecha_transporte, id_tipo_vehiculo) values ('TRA170', 'OPE33', '23-05-2024', 'TV001');
insert into Transporte (id_transporte, id_operario, fecha_transporte, id_tipo_vehiculo) values ('TRA171', 'OPE59', '05-02-2024', 'TV003');
insert into Transporte (id_transporte, id_operario, fecha_transporte, id_tipo_vehiculo) values ('TRA172', 'OPE98', '23-02-2024', 'TV001');
insert into Transporte (id_transporte, id_operario, fecha_transporte, id_tipo_vehiculo) values ('TRA173', 'OPE22', '17-11-2023', 'TV003');
insert into Transporte (id_transporte, id_operario, fecha_transporte, id_tipo_vehiculo) values ('TRA174', 'OPE3', '13-05-2024', 'TV001');
insert into Transporte (id_transporte, id_operario, fecha_transporte, id_tipo_vehiculo) values ('TRA175', 'OPE48', '18-02-2024', 'TV002');
insert into Transporte (id_transporte, id_operario, fecha_transporte, id_tipo_vehiculo) values ('TRA176', 'OPE53', '29-02-2024', 'TV002');
insert into Transporte (id_transporte, id_operario, fecha_transporte, id_tipo_vehiculo) values ('TRA177', 'OPE58', '01-11-2023', 'TV002');
insert into Transporte (id_transporte, id_operario, fecha_transporte, id_tipo_vehiculo) values ('TRA178', 'OPE64', '11-08-2023', 'TV003');
insert into Transporte (id_transporte, id_operario, fecha_transporte, id_tipo_vehiculo) values ('TRA179', 'OPE58', '05-11-2023', 'TV003');
insert into Transporte (id_transporte, id_operario, fecha_transporte, id_tipo_vehiculo) values ('TRA180', 'OPE1', '08-08-2023', 'TV003');
insert into Transporte (id_transporte, id_operario, fecha_transporte, id_tipo_vehiculo) values ('TRA181', 'OPE63', '07-06-2024', 'TV003');
insert into Transporte (id_transporte, id_operario, fecha_transporte, id_tipo_vehiculo) values ('TRA182', 'OPE83', '11-08-2023', 'TV002');
insert into Transporte (id_transporte, id_operario, fecha_transporte, id_tipo_vehiculo) values ('TRA183', 'OPE37', '19-04-2024', 'TV003');
insert into Transporte (id_transporte, id_operario, fecha_transporte, id_tipo_vehiculo) values ('TRA184', 'OPE41', '06-05-2024', 'TV002');
insert into Transporte (id_transporte, id_operario, fecha_transporte, id_tipo_vehiculo) values ('TRA185', 'OPE17', '17-08-2023', 'TV001');
insert into Transporte (id_transporte, id_operario, fecha_transporte, id_tipo_vehiculo) values ('TRA186', 'OPE93', '14-01-2024', 'TV002');
insert into Transporte (id_transporte, id_operario, fecha_transporte, id_tipo_vehiculo) values ('TRA187', 'OPE48', '08-10-2023', 'TV001');
insert into Transporte (id_transporte, id_operario, fecha_transporte, id_tipo_vehiculo) values ('TRA188', 'OPE75', '03-10-2023', 'TV003');
insert into Transporte (id_transporte, id_operario, fecha_transporte, id_tipo_vehiculo) values ('TRA189', 'OPE11', '03-01-2024', 'TV002');
insert into Transporte (id_transporte, id_operario, fecha_transporte, id_tipo_vehiculo) values ('TRA190', 'OPE92', '12-07-2023', 'TV003');
insert into Transporte (id_transporte, id_operario, fecha_transporte, id_tipo_vehiculo) values ('TRA191', 'OPE50', '24-11-2023', 'TV002');
insert into Transporte (id_transporte, id_operario, fecha_transporte, id_tipo_vehiculo) values ('TRA192', 'OPE28', '10-06-2023', 'TV003');
insert into Transporte (id_transporte, id_operario, fecha_transporte, id_tipo_vehiculo) values ('TRA193', 'OPE79', '19-02-2024', 'TV001');
insert into Transporte (id_transporte, id_operario, fecha_transporte, id_tipo_vehiculo) values ('TRA194', 'OPE94', '08-12-2023', 'TV001');
insert into Transporte (id_transporte, id_operario, fecha_transporte, id_tipo_vehiculo) values ('TRA195', 'OPE39', '01-05-2024', 'TV001');
insert into Transporte (id_transporte, id_operario, fecha_transporte, id_tipo_vehiculo) values ('TRA196', 'OPE48', '27-08-2023', 'TV003');
insert into Transporte (id_transporte, id_operario, fecha_transporte, id_tipo_vehiculo) values ('TRA197', 'OPE91', '01-11-2023', 'TV002');
insert into Transporte (id_transporte, id_operario, fecha_transporte, id_tipo_vehiculo) values ('TRA198', 'OPE71', '10-09-2023', 'TV003');
insert into Transporte (id_transporte, id_operario, fecha_transporte, id_tipo_vehiculo) values ('TRA199', 'OPE31', '31-07-2023', 'TV003');
insert into Transporte (id_transporte, id_operario, fecha_transporte, id_tipo_vehiculo) values ('TRA200', 'OPE47', '07-09-2023', 'TV001');
insert into Insumo (id_insumo, cantidad_insumo, tipo_insumo, id_proveedor) values ('INS1', 192, 'TI002', 'PRO194');
insert into Insumo (id_insumo, cantidad_insumo, tipo_insumo, id_proveedor) values ('INS2', 220, 'TI003', 'PRO123');
insert into Insumo (id_insumo, cantidad_insumo, tipo_insumo, id_proveedor) values ('INS3', 716, 'TI001', 'PRO136');
insert into Insumo (id_insumo, cantidad_insumo, tipo_insumo, id_proveedor) values ('INS4', 718, 'TI001', 'PRO76');
insert into Insumo (id_insumo, cantidad_insumo, tipo_insumo, id_proveedor) values ('INS5', 784, 'TI003', 'PRO26');
insert into Insumo (id_insumo, cantidad_insumo, tipo_insumo, id_proveedor) values ('INS6', 109, 'TI003', 'PRO111');
insert into Insumo (id_insumo, cantidad_insumo, tipo_insumo, id_proveedor) values ('INS7', 583, 'TI001', 'PRO145');
insert into Insumo (id_insumo, cantidad_insumo, tipo_insumo, id_proveedor) values ('INS8', 71, 'TI003', 'PRO83');
insert into Insumo (id_insumo, cantidad_insumo, tipo_insumo, id_proveedor) values ('INS9', 526, 'TI002', 'PRO55');
insert into Insumo (id_insumo, cantidad_insumo, tipo_insumo, id_proveedor) values ('INS10', 689, 'TI001', 'PRO36');
insert into Insumo (id_insumo, cantidad_insumo, tipo_insumo, id_proveedor) values ('INS11', 69, 'TI001', 'PRO1');
insert into Insumo (id_insumo, cantidad_insumo, tipo_insumo, id_proveedor) values ('INS12', 571, 'TI003', 'PRO74');
insert into Insumo (id_insumo, cantidad_insumo, tipo_insumo, id_proveedor) values ('INS13', 616, 'TI003', 'PRO4');
insert into Insumo (id_insumo, cantidad_insumo, tipo_insumo, id_proveedor) values ('INS14', 524, 'TI001', 'PRO23');
insert into Insumo (id_insumo, cantidad_insumo, tipo_insumo, id_proveedor) values ('INS15', 150, 'TI002', 'PRO107');
insert into Insumo (id_insumo, cantidad_insumo, tipo_insumo, id_proveedor) values ('INS16', 300, 'TI002', 'PRO31');
insert into Insumo (id_insumo, cantidad_insumo, tipo_insumo, id_proveedor) values ('INS17', 627, 'TI003', 'PRO30');
insert into Insumo (id_insumo, cantidad_insumo, tipo_insumo, id_proveedor) values ('INS18', 264, 'TI003', 'PRO135');
insert into Insumo (id_insumo, cantidad_insumo, tipo_insumo, id_proveedor) values ('INS19', 192, 'TI001', 'PRO176');
insert into Insumo (id_insumo, cantidad_insumo, tipo_insumo, id_proveedor) values ('INS20', 248, 'TI003', 'PRO98');
insert into Insumo (id_insumo, cantidad_insumo, tipo_insumo, id_proveedor) values ('INS21', 788, 'TI002', 'PRO51');
insert into Insumo (id_insumo, cantidad_insumo, tipo_insumo, id_proveedor) values ('INS22', 546, 'TI001', 'PRO48');
insert into Insumo (id_insumo, cantidad_insumo, tipo_insumo, id_proveedor) values ('INS23', 786, 'TI001', 'PRO199');
insert into Insumo (id_insumo, cantidad_insumo, tipo_insumo, id_proveedor) values ('INS24', 510, 'TI003', 'PRO119');
insert into Insumo (id_insumo, cantidad_insumo, tipo_insumo, id_proveedor) values ('INS25', 343, 'TI001', 'PRO102');
insert into Insumo (id_insumo, cantidad_insumo, tipo_insumo, id_proveedor) values ('INS26', 353, 'TI003', 'PRO134');
insert into Insumo (id_insumo, cantidad_insumo, tipo_insumo, id_proveedor) values ('INS27', 728, 'TI001', 'PRO164');
insert into Insumo (id_insumo, cantidad_insumo, tipo_insumo, id_proveedor) values ('INS28', 748, 'TI002', 'PRO73');
insert into Insumo (id_insumo, cantidad_insumo, tipo_insumo, id_proveedor) values ('INS29', 50, 'TI001', 'PRO178');
insert into Insumo (id_insumo, cantidad_insumo, tipo_insumo, id_proveedor) values ('INS30', 330, 'TI002', 'PRO2');
insert into Insumo (id_insumo, cantidad_insumo, tipo_insumo, id_proveedor) values ('INS31', 357, 'TI003', 'PRO49');
insert into Insumo (id_insumo, cantidad_insumo, tipo_insumo, id_proveedor) values ('INS32', 342, 'TI003', 'PRO42');
insert into Insumo (id_insumo, cantidad_insumo, tipo_insumo, id_proveedor) values ('INS33', 749, 'TI003', 'PRO133');
insert into Insumo (id_insumo, cantidad_insumo, tipo_insumo, id_proveedor) values ('INS34', 384, 'TI003', 'PRO184');
insert into Insumo (id_insumo, cantidad_insumo, tipo_insumo, id_proveedor) values ('INS35', 743, 'TI001', 'PRO51');
insert into Insumo (id_insumo, cantidad_insumo, tipo_insumo, id_proveedor) values ('INS36', 581, 'TI003', 'PRO191');
insert into Insumo (id_insumo, cantidad_insumo, tipo_insumo, id_proveedor) values ('INS37', 217, 'TI002', 'PRO56');
insert into Insumo (id_insumo, cantidad_insumo, tipo_insumo, id_proveedor) values ('INS38', 19, 'TI001', 'PRO17');
insert into Insumo (id_insumo, cantidad_insumo, tipo_insumo, id_proveedor) values ('INS39', 136, 'TI001', 'PRO180');
insert into Insumo (id_insumo, cantidad_insumo, tipo_insumo, id_proveedor) values ('INS40', 588, 'TI001', 'PRO16');
insert into Insumo (id_insumo, cantidad_insumo, tipo_insumo, id_proveedor) values ('INS41', 851, 'TI001', 'PRO4');
insert into Insumo (id_insumo, cantidad_insumo, tipo_insumo, id_proveedor) values ('INS42', 449, 'TI002', 'PRO197');
insert into Insumo (id_insumo, cantidad_insumo, tipo_insumo, id_proveedor) values ('INS43', 68, 'TI001', 'PRO149');
insert into Insumo (id_insumo, cantidad_insumo, tipo_insumo, id_proveedor) values ('INS44', 944, 'TI002', 'PRO75');
insert into Insumo (id_insumo, cantidad_insumo, tipo_insumo, id_proveedor) values ('INS45', 257, 'TI003', 'PRO57');
insert into Insumo (id_insumo, cantidad_insumo, tipo_insumo, id_proveedor) values ('INS46', 801, 'TI001', 'PRO13');
insert into Insumo (id_insumo, cantidad_insumo, tipo_insumo, id_proveedor) values ('INS47', 974, 'TI002', 'PRO9');
insert into Insumo (id_insumo, cantidad_insumo, tipo_insumo, id_proveedor) values ('INS48', 449, 'TI003', 'PRO159');
insert into Insumo (id_insumo, cantidad_insumo, tipo_insumo, id_proveedor) values ('INS49', 897, 'TI001', 'PRO32');
insert into Insumo (id_insumo, cantidad_insumo, tipo_insumo, id_proveedor) values ('INS50', 38, 'TI002', 'PRO11');
insert into Insumo (id_insumo, cantidad_insumo, tipo_insumo, id_proveedor) values ('INS51', 226, 'TI003', 'PRO197');
insert into Insumo (id_insumo, cantidad_insumo, tipo_insumo, id_proveedor) values ('INS52', 278, 'TI003', 'PRO1');
insert into Insumo (id_insumo, cantidad_insumo, tipo_insumo, id_proveedor) values ('INS53', 576, 'TI001', 'PRO13');
insert into Insumo (id_insumo, cantidad_insumo, tipo_insumo, id_proveedor) values ('INS54', 411, 'TI001', 'PRO192');
insert into Insumo (id_insumo, cantidad_insumo, tipo_insumo, id_proveedor) values ('INS55', 119, 'TI002', 'PRO134');
insert into Insumo (id_insumo, cantidad_insumo, tipo_insumo, id_proveedor) values ('INS56', 140, 'TI003', 'PRO43');
insert into Insumo (id_insumo, cantidad_insumo, tipo_insumo, id_proveedor) values ('INS57', 721, 'TI003', 'PRO198');
insert into Insumo (id_insumo, cantidad_insumo, tipo_insumo, id_proveedor) values ('INS58', 488, 'TI003', 'PRO23');
insert into Insumo (id_insumo, cantidad_insumo, tipo_insumo, id_proveedor) values ('INS59', 720, 'TI001', 'PRO101');
insert into Insumo (id_insumo, cantidad_insumo, tipo_insumo, id_proveedor) values ('INS60', 919, 'TI002', 'PRO43');
insert into Insumo (id_insumo, cantidad_insumo, tipo_insumo, id_proveedor) values ('INS61', 874, 'TI002', 'PRO111');
insert into Insumo (id_insumo, cantidad_insumo, tipo_insumo, id_proveedor) values ('INS62', 148, 'TI003', 'PRO137');
insert into Insumo (id_insumo, cantidad_insumo, tipo_insumo, id_proveedor) values ('INS63', 478, 'TI002', 'PRO149');
insert into Insumo (id_insumo, cantidad_insumo, tipo_insumo, id_proveedor) values ('INS64', 750, 'TI001', 'PRO59');
insert into Insumo (id_insumo, cantidad_insumo, tipo_insumo, id_proveedor) values ('INS65', 864, 'TI003', 'PRO44');
insert into Insumo (id_insumo, cantidad_insumo, tipo_insumo, id_proveedor) values ('INS66', 697, 'TI001', 'PRO51');
insert into Insumo (id_insumo, cantidad_insumo, tipo_insumo, id_proveedor) values ('INS67', 63, 'TI003', 'PRO54');
insert into Insumo (id_insumo, cantidad_insumo, tipo_insumo, id_proveedor) values ('INS68', 542, 'TI002', 'PRO31');
insert into Insumo (id_insumo, cantidad_insumo, tipo_insumo, id_proveedor) values ('INS69', 961, 'TI001', 'PRO197');
insert into Insumo (id_insumo, cantidad_insumo, tipo_insumo, id_proveedor) values ('INS70', 677, 'TI002', 'PRO17');
insert into Insumo (id_insumo, cantidad_insumo, tipo_insumo, id_proveedor) values ('INS71', 777, 'TI002', 'PRO143');
insert into Insumo (id_insumo, cantidad_insumo, tipo_insumo, id_proveedor) values ('INS72', 934, 'TI003', 'PRO178');
insert into Insumo (id_insumo, cantidad_insumo, tipo_insumo, id_proveedor) values ('INS73', 931, 'TI003', 'PRO60');
insert into Insumo (id_insumo, cantidad_insumo, tipo_insumo, id_proveedor) values ('INS74', 991, 'TI003', 'PRO94');
insert into Insumo (id_insumo, cantidad_insumo, tipo_insumo, id_proveedor) values ('INS75', 854, 'TI001', 'PRO106');
insert into Insumo (id_insumo, cantidad_insumo, tipo_insumo, id_proveedor) values ('INS76', 193, 'TI001', 'PRO195');
insert into Insumo (id_insumo, cantidad_insumo, tipo_insumo, id_proveedor) values ('INS77', 58, 'TI001', 'PRO71');
insert into Insumo (id_insumo, cantidad_insumo, tipo_insumo, id_proveedor) values ('INS78', 524, 'TI003', 'PRO130');
insert into Insumo (id_insumo, cantidad_insumo, tipo_insumo, id_proveedor) values ('INS79', 994, 'TI003', 'PRO117');
insert into Insumo (id_insumo, cantidad_insumo, tipo_insumo, id_proveedor) values ('INS80', 937, 'TI002', 'PRO115');
insert into Insumo (id_insumo, cantidad_insumo, tipo_insumo, id_proveedor) values ('INS81', 343, 'TI001', 'PRO78');
insert into Insumo (id_insumo, cantidad_insumo, tipo_insumo, id_proveedor) values ('INS82', 982, 'TI003', 'PRO127');
insert into Insumo (id_insumo, cantidad_insumo, tipo_insumo, id_proveedor) values ('INS83', 961, 'TI002', 'PRO185');
insert into Insumo (id_insumo, cantidad_insumo, tipo_insumo, id_proveedor) values ('INS84', 123, 'TI001', 'PRO122');
insert into Insumo (id_insumo, cantidad_insumo, tipo_insumo, id_proveedor) values ('INS85', 435, 'TI001', 'PRO123');
insert into Insumo (id_insumo, cantidad_insumo, tipo_insumo, id_proveedor) values ('INS86', 904, 'TI002', 'PRO80');
insert into Insumo (id_insumo, cantidad_insumo, tipo_insumo, id_proveedor) values ('INS87', 537, 'TI003', 'PRO198');
insert into Insumo (id_insumo, cantidad_insumo, tipo_insumo, id_proveedor) values ('INS88', 267, 'TI002', 'PRO81');
insert into Insumo (id_insumo, cantidad_insumo, tipo_insumo, id_proveedor) values ('INS89', 774, 'TI001', 'PRO103');
insert into Insumo (id_insumo, cantidad_insumo, tipo_insumo, id_proveedor) values ('INS90', 802, 'TI002', 'PRO150');
insert into Insumo (id_insumo, cantidad_insumo, tipo_insumo, id_proveedor) values ('INS91', 721, 'TI002', 'PRO121');
insert into Insumo (id_insumo, cantidad_insumo, tipo_insumo, id_proveedor) values ('INS92', 217, 'TI003', 'PRO120');
insert into Insumo (id_insumo, cantidad_insumo, tipo_insumo, id_proveedor) values ('INS93', 144, 'TI001', 'PRO119');
insert into Insumo (id_insumo, cantidad_insumo, tipo_insumo, id_proveedor) values ('INS94', 291, 'TI003', 'PRO93');
insert into Insumo (id_insumo, cantidad_insumo, tipo_insumo, id_proveedor) values ('INS95', 917, 'TI002', 'PRO73');
insert into Insumo (id_insumo, cantidad_insumo, tipo_insumo, id_proveedor) values ('INS96', 692, 'TI002', 'PRO173');
insert into Insumo (id_insumo, cantidad_insumo, tipo_insumo, id_proveedor) values ('INS97', 427, 'TI003', 'PRO181');
insert into Insumo (id_insumo, cantidad_insumo, tipo_insumo, id_proveedor) values ('INS98', 761, 'TI002', 'PRO10');
insert into Insumo (id_insumo, cantidad_insumo, tipo_insumo, id_proveedor) values ('INS99', 155, 'TI002', 'PRO170');
insert into Insumo (id_insumo, cantidad_insumo, tipo_insumo, id_proveedor) values ('INS100', 374, 'TI002', 'PRO38');
insert into Insumo (id_insumo, cantidad_insumo, tipo_insumo, id_proveedor) values ('INS101', 403, 'TI001', 'PRO40');
insert into Insumo (id_insumo, cantidad_insumo, tipo_insumo, id_proveedor) values ('INS102', 972, 'TI001', 'PRO170');
insert into Insumo (id_insumo, cantidad_insumo, tipo_insumo, id_proveedor) values ('INS103', 20, 'TI002', 'PRO60');
insert into Insumo (id_insumo, cantidad_insumo, tipo_insumo, id_proveedor) values ('INS104', 580, 'TI001', 'PRO133');
insert into Insumo (id_insumo, cantidad_insumo, tipo_insumo, id_proveedor) values ('INS105', 164, 'TI002', 'PRO120');
insert into Insumo (id_insumo, cantidad_insumo, tipo_insumo, id_proveedor) values ('INS106', 324, 'TI003', 'PRO65');
insert into Insumo (id_insumo, cantidad_insumo, tipo_insumo, id_proveedor) values ('INS107', 965, 'TI001', 'PRO89');
insert into Insumo (id_insumo, cantidad_insumo, tipo_insumo, id_proveedor) values ('INS108', 993, 'TI002', 'PRO165');
insert into Insumo (id_insumo, cantidad_insumo, tipo_insumo, id_proveedor) values ('INS109', 142, 'TI003', 'PRO148');
insert into Insumo (id_insumo, cantidad_insumo, tipo_insumo, id_proveedor) values ('INS110', 631, 'TI003', 'PRO11');
insert into Insumo (id_insumo, cantidad_insumo, tipo_insumo, id_proveedor) values ('INS111', 373, 'TI001', 'PRO11');
insert into Insumo (id_insumo, cantidad_insumo, tipo_insumo, id_proveedor) values ('INS112', 926, 'TI001', 'PRO118');
insert into Insumo (id_insumo, cantidad_insumo, tipo_insumo, id_proveedor) values ('INS113', 143, 'TI001', 'PRO185');
insert into Insumo (id_insumo, cantidad_insumo, tipo_insumo, id_proveedor) values ('INS114', 14, 'TI002', 'PRO194');
insert into Insumo (id_insumo, cantidad_insumo, tipo_insumo, id_proveedor) values ('INS115', 381, 'TI001', 'PRO51');
insert into Insumo (id_insumo, cantidad_insumo, tipo_insumo, id_proveedor) values ('INS116', 738, 'TI001', 'PRO140');
insert into Insumo (id_insumo, cantidad_insumo, tipo_insumo, id_proveedor) values ('INS117', 519, 'TI002', 'PRO200');
insert into Insumo (id_insumo, cantidad_insumo, tipo_insumo, id_proveedor) values ('INS118', 91, 'TI001', 'PRO143');
insert into Insumo (id_insumo, cantidad_insumo, tipo_insumo, id_proveedor) values ('INS119', 801, 'TI001', 'PRO99');
insert into Insumo (id_insumo, cantidad_insumo, tipo_insumo, id_proveedor) values ('INS120', 374, 'TI003', 'PRO142');
insert into Insumo (id_insumo, cantidad_insumo, tipo_insumo, id_proveedor) values ('INS121', 886, 'TI003', 'PRO122');
insert into Insumo (id_insumo, cantidad_insumo, tipo_insumo, id_proveedor) values ('INS122', 929, 'TI002', 'PRO28');
insert into Insumo (id_insumo, cantidad_insumo, tipo_insumo, id_proveedor) values ('INS123', 760, 'TI003', 'PRO129');
insert into Insumo (id_insumo, cantidad_insumo, tipo_insumo, id_proveedor) values ('INS124', 808, 'TI001', 'PRO20');
insert into Insumo (id_insumo, cantidad_insumo, tipo_insumo, id_proveedor) values ('INS125', 387, 'TI002', 'PRO146');
insert into Insumo (id_insumo, cantidad_insumo, tipo_insumo, id_proveedor) values ('INS126', 626, 'TI002', 'PRO136');
insert into Insumo (id_insumo, cantidad_insumo, tipo_insumo, id_proveedor) values ('INS127', 70, 'TI001', 'PRO49');
insert into Insumo (id_insumo, cantidad_insumo, tipo_insumo, id_proveedor) values ('INS128', 280, 'TI003', 'PRO107');
insert into Insumo (id_insumo, cantidad_insumo, tipo_insumo, id_proveedor) values ('INS129', 269, 'TI001', 'PRO99');
insert into Insumo (id_insumo, cantidad_insumo, tipo_insumo, id_proveedor) values ('INS130', 170, 'TI003', 'PRO92');
insert into Insumo (id_insumo, cantidad_insumo, tipo_insumo, id_proveedor) values ('INS131', 466, 'TI001', 'PRO164');
insert into Insumo (id_insumo, cantidad_insumo, tipo_insumo, id_proveedor) values ('INS132', 244, 'TI002', 'PRO3');
insert into Insumo (id_insumo, cantidad_insumo, tipo_insumo, id_proveedor) values ('INS133', 670, 'TI002', 'PRO82');
insert into Insumo (id_insumo, cantidad_insumo, tipo_insumo, id_proveedor) values ('INS134', 847, 'TI002', 'PRO185');
insert into Insumo (id_insumo, cantidad_insumo, tipo_insumo, id_proveedor) values ('INS135', 141, 'TI001', 'PRO126');
insert into Insumo (id_insumo, cantidad_insumo, tipo_insumo, id_proveedor) values ('INS136', 59, 'TI003', 'PRO151');
insert into Insumo (id_insumo, cantidad_insumo, tipo_insumo, id_proveedor) values ('INS137', 528, 'TI003', 'PRO180');
insert into Insumo (id_insumo, cantidad_insumo, tipo_insumo, id_proveedor) values ('INS138', 842, 'TI002', 'PRO135');
insert into Insumo (id_insumo, cantidad_insumo, tipo_insumo, id_proveedor) values ('INS139', 30, 'TI003', 'PRO63');
insert into Insumo (id_insumo, cantidad_insumo, tipo_insumo, id_proveedor) values ('INS140', 105, 'TI001', 'PRO187');
insert into Insumo (id_insumo, cantidad_insumo, tipo_insumo, id_proveedor) values ('INS141', 934, 'TI003', 'PRO117');
insert into Insumo (id_insumo, cantidad_insumo, tipo_insumo, id_proveedor) values ('INS142', 415, 'TI003', 'PRO52');
insert into Insumo (id_insumo, cantidad_insumo, tipo_insumo, id_proveedor) values ('INS143', 134, 'TI003', 'PRO26');
insert into Insumo (id_insumo, cantidad_insumo, tipo_insumo, id_proveedor) values ('INS144', 883, 'TI001', 'PRO15');
insert into Insumo (id_insumo, cantidad_insumo, tipo_insumo, id_proveedor) values ('INS145', 50, 'TI003', 'PRO39');
insert into Insumo (id_insumo, cantidad_insumo, tipo_insumo, id_proveedor) values ('INS146', 221, 'TI002', 'PRO32');
insert into Insumo (id_insumo, cantidad_insumo, tipo_insumo, id_proveedor) values ('INS147', 678, 'TI001', 'PRO163');
insert into Insumo (id_insumo, cantidad_insumo, tipo_insumo, id_proveedor) values ('INS148', 917, 'TI002', 'PRO99');
insert into Insumo (id_insumo, cantidad_insumo, tipo_insumo, id_proveedor) values ('INS149', 47, 'TI002', 'PRO184');
insert into Insumo (id_insumo, cantidad_insumo, tipo_insumo, id_proveedor) values ('INS150', 659, 'TI001', 'PRO180');
insert into Insumo (id_insumo, cantidad_insumo, tipo_insumo, id_proveedor) values ('INS151', 204, 'TI001', 'PRO68');
insert into Insumo (id_insumo, cantidad_insumo, tipo_insumo, id_proveedor) values ('INS152', 87, 'TI002', 'PRO118');
insert into Insumo (id_insumo, cantidad_insumo, tipo_insumo, id_proveedor) values ('INS153', 675, 'TI003', 'PRO87');
insert into Insumo (id_insumo, cantidad_insumo, tipo_insumo, id_proveedor) values ('INS154', 917, 'TI001', 'PRO18');
insert into Insumo (id_insumo, cantidad_insumo, tipo_insumo, id_proveedor) values ('INS155', 803, 'TI002', 'PRO35');
insert into Insumo (id_insumo, cantidad_insumo, tipo_insumo, id_proveedor) values ('INS156', 809, 'TI003', 'PRO30');
insert into Insumo (id_insumo, cantidad_insumo, tipo_insumo, id_proveedor) values ('INS157', 958, 'TI002', 'PRO161');
insert into Insumo (id_insumo, cantidad_insumo, tipo_insumo, id_proveedor) values ('INS158', 542, 'TI002', 'PRO129');
insert into Insumo (id_insumo, cantidad_insumo, tipo_insumo, id_proveedor) values ('INS159', 837, 'TI002', 'PRO186');
insert into Insumo (id_insumo, cantidad_insumo, tipo_insumo, id_proveedor) values ('INS160', 808, 'TI001', 'PRO15');
insert into Insumo (id_insumo, cantidad_insumo, tipo_insumo, id_proveedor) values ('INS161', 692, 'TI003', 'PRO115');
insert into Insumo (id_insumo, cantidad_insumo, tipo_insumo, id_proveedor) values ('INS162', 153, 'TI003', 'PRO172');
insert into Insumo (id_insumo, cantidad_insumo, tipo_insumo, id_proveedor) values ('INS163', 512, 'TI003', 'PRO52');
insert into Insumo (id_insumo, cantidad_insumo, tipo_insumo, id_proveedor) values ('INS164', 716, 'TI001', 'PRO25');
insert into Insumo (id_insumo, cantidad_insumo, tipo_insumo, id_proveedor) values ('INS165', 86, 'TI002', 'PRO126');
insert into Insumo (id_insumo, cantidad_insumo, tipo_insumo, id_proveedor) values ('INS166', 530, 'TI002', 'PRO3');
insert into Insumo (id_insumo, cantidad_insumo, tipo_insumo, id_proveedor) values ('INS167', 197, 'TI003', 'PRO25');
insert into Insumo (id_insumo, cantidad_insumo, tipo_insumo, id_proveedor) values ('INS168', 759, 'TI003', 'PRO131');
insert into Insumo (id_insumo, cantidad_insumo, tipo_insumo, id_proveedor) values ('INS169', 814, 'TI003', 'PRO33');
insert into Insumo (id_insumo, cantidad_insumo, tipo_insumo, id_proveedor) values ('INS170', 19, 'TI001', 'PRO157');
insert into Insumo (id_insumo, cantidad_insumo, tipo_insumo, id_proveedor) values ('INS171', 681, 'TI002', 'PRO85');
insert into Insumo (id_insumo, cantidad_insumo, tipo_insumo, id_proveedor) values ('INS172', 55, 'TI003', 'PRO161');
insert into Insumo (id_insumo, cantidad_insumo, tipo_insumo, id_proveedor) values ('INS173', 769, 'TI002', 'PRO6');
insert into Insumo (id_insumo, cantidad_insumo, tipo_insumo, id_proveedor) values ('INS174', 581, 'TI002', 'PRO176');
insert into Insumo (id_insumo, cantidad_insumo, tipo_insumo, id_proveedor) values ('INS175', 369, 'TI002', 'PRO38');
insert into Insumo (id_insumo, cantidad_insumo, tipo_insumo, id_proveedor) values ('INS176', 721, 'TI002', 'PRO18');
insert into Insumo (id_insumo, cantidad_insumo, tipo_insumo, id_proveedor) values ('INS177', 247, 'TI003', 'PRO23');
insert into Insumo (id_insumo, cantidad_insumo, tipo_insumo, id_proveedor) values ('INS178', 7, 'TI001', 'PRO94');
insert into Insumo (id_insumo, cantidad_insumo, tipo_insumo, id_proveedor) values ('INS179', 311, 'TI001', 'PRO50');
insert into Insumo (id_insumo, cantidad_insumo, tipo_insumo, id_proveedor) values ('INS180', 241, 'TI001', 'PRO104');
insert into Insumo (id_insumo, cantidad_insumo, tipo_insumo, id_proveedor) values ('INS181', 269, 'TI001', 'PRO149');
insert into Insumo (id_insumo, cantidad_insumo, tipo_insumo, id_proveedor) values ('INS182', 940, 'TI002', 'PRO113');
insert into Insumo (id_insumo, cantidad_insumo, tipo_insumo, id_proveedor) values ('INS183', 936, 'TI002', 'PRO11');
insert into Insumo (id_insumo, cantidad_insumo, tipo_insumo, id_proveedor) values ('INS184', 83, 'TI001', 'PRO91');
insert into Insumo (id_insumo, cantidad_insumo, tipo_insumo, id_proveedor) values ('INS185', 786, 'TI001', 'PRO118');
insert into Insumo (id_insumo, cantidad_insumo, tipo_insumo, id_proveedor) values ('INS186', 947, 'TI001', 'PRO17');
insert into Insumo (id_insumo, cantidad_insumo, tipo_insumo, id_proveedor) values ('INS187', 328, 'TI003', 'PRO84');
insert into Insumo (id_insumo, cantidad_insumo, tipo_insumo, id_proveedor) values ('INS188', 618, 'TI003', 'PRO21');
insert into Insumo (id_insumo, cantidad_insumo, tipo_insumo, id_proveedor) values ('INS189', 784, 'TI001', 'PRO114');
insert into Insumo (id_insumo, cantidad_insumo, tipo_insumo, id_proveedor) values ('INS190', 391, 'TI003', 'PRO67');
insert into Insumo (id_insumo, cantidad_insumo, tipo_insumo, id_proveedor) values ('INS191', 898, 'TI003', 'PRO19');
insert into Insumo (id_insumo, cantidad_insumo, tipo_insumo, id_proveedor) values ('INS192', 770, 'TI001', 'PRO195');
insert into Insumo (id_insumo, cantidad_insumo, tipo_insumo, id_proveedor) values ('INS193', 475, 'TI002', 'PRO60');
insert into Insumo (id_insumo, cantidad_insumo, tipo_insumo, id_proveedor) values ('INS194', 582, 'TI001', 'PRO171');
insert into Insumo (id_insumo, cantidad_insumo, tipo_insumo, id_proveedor) values ('INS195', 170, 'TI002', 'PRO59');
insert into Insumo (id_insumo, cantidad_insumo, tipo_insumo, id_proveedor) values ('INS196', 929, 'TI001', 'PRO165');
insert into Insumo (id_insumo, cantidad_insumo, tipo_insumo, id_proveedor) values ('INS197', 548, 'TI001', 'PRO17');
insert into Insumo (id_insumo, cantidad_insumo, tipo_insumo, id_proveedor) values ('INS198', 667, 'TI002', 'PRO110');
insert into Insumo (id_insumo, cantidad_insumo, tipo_insumo, id_proveedor) values ('INS199', 212, 'TI002', 'PRO17');
insert into Insumo (id_insumo, cantidad_insumo, tipo_insumo, id_proveedor) values ('INS200', 856, 'TI001', 'PRO174');
insert into Solicitud_insumo (id_solicitud_insumo, fecha_solicitud, estado_solicitud, id_gestor, id_insumo) values ('ISI1', '17-06-2023', 'Aprobado', 'GES192', 'INS178');
insert into Solicitud_insumo (id_solicitud_insumo, fecha_solicitud, estado_solicitud, id_gestor, id_insumo) values ('ISI2', '24-12-2023', 'Rechazado', 'GES56', 'INS148');
insert into Solicitud_insumo (id_solicitud_insumo, fecha_solicitud, estado_solicitud, id_gestor, id_insumo) values ('ISI3', '15-08-2023', 'Aprobado', 'GES103', 'INS46');
insert into Solicitud_insumo (id_solicitud_insumo, fecha_solicitud, estado_solicitud, id_gestor, id_insumo) values ('ISI4', '13-12-2023', 'Rechazado', 'GES39', 'INS93');
insert into Solicitud_insumo (id_solicitud_insumo, fecha_solicitud, estado_solicitud, id_gestor, id_insumo) values ('ISI5', '17-09-2023', 'Pendiente', 'GES157', 'INS193');
insert into Solicitud_insumo (id_solicitud_insumo, fecha_solicitud, estado_solicitud, id_gestor, id_insumo) values ('ISI6', '02-12-2023', 'Pendiente', 'GES43', 'INS79');
insert into Solicitud_insumo (id_solicitud_insumo, fecha_solicitud, estado_solicitud, id_gestor, id_insumo) values ('ISI7', '12-02-2024', 'Rechazado', 'GES74', 'INS17');
insert into Solicitud_insumo (id_solicitud_insumo, fecha_solicitud, estado_solicitud, id_gestor, id_insumo) values ('ISI8', '31-05-2024', 'Pendiente', 'GES60', 'INS155');
insert into Solicitud_insumo (id_solicitud_insumo, fecha_solicitud, estado_solicitud, id_gestor, id_insumo) values ('ISI9', '04-01-2024', 'Aprobado', 'GES114', 'INS140');
insert into Solicitud_insumo (id_solicitud_insumo, fecha_solicitud, estado_solicitud, id_gestor, id_insumo) values ('ISI10', '11-06-2023', 'Aprobado', 'GES146', 'INS42');
insert into Solicitud_insumo (id_solicitud_insumo, fecha_solicitud, estado_solicitud, id_gestor, id_insumo) values ('ISI11', '29-02-2024', 'Pendiente', 'GES72', 'INS50');
insert into Solicitud_insumo (id_solicitud_insumo, fecha_solicitud, estado_solicitud, id_gestor, id_insumo) values ('ISI12', '03-08-2023', 'Pendiente', 'GES27', 'INS148');
insert into Solicitud_insumo (id_solicitud_insumo, fecha_solicitud, estado_solicitud, id_gestor, id_insumo) values ('ISI13', '29-08-2023', 'Rechazado', 'GES121', 'INS161');
insert into Solicitud_insumo (id_solicitud_insumo, fecha_solicitud, estado_solicitud, id_gestor, id_insumo) values ('ISI14', '11-04-2024', 'Pendiente', 'GES112', 'INS76');
insert into Solicitud_insumo (id_solicitud_insumo, fecha_solicitud, estado_solicitud, id_gestor, id_insumo) values ('ISI15', '16-01-2024', 'Pendiente', 'GES146', 'INS191');
insert into Solicitud_insumo (id_solicitud_insumo, fecha_solicitud, estado_solicitud, id_gestor, id_insumo) values ('ISI16', '11-11-2023', 'Aprobado', 'GES116', 'INS165');
insert into Solicitud_insumo (id_solicitud_insumo, fecha_solicitud, estado_solicitud, id_gestor, id_insumo) values ('ISI17', '07-05-2024', 'Rechazado', 'GES52', 'INS12');
insert into Solicitud_insumo (id_solicitud_insumo, fecha_solicitud, estado_solicitud, id_gestor, id_insumo) values ('ISI18', '27-12-2023', 'Pendiente', 'GES98', 'INS26');
insert into Solicitud_insumo (id_solicitud_insumo, fecha_solicitud, estado_solicitud, id_gestor, id_insumo) values ('ISI19', '26-05-2024', 'Pendiente', 'GES69', 'INS180');
insert into Solicitud_insumo (id_solicitud_insumo, fecha_solicitud, estado_solicitud, id_gestor, id_insumo) values ('ISI20', '22-03-2024', 'Pendiente', 'GES74', 'INS108');
insert into Solicitud_insumo (id_solicitud_insumo, fecha_solicitud, estado_solicitud, id_gestor, id_insumo) values ('ISI21', '27-09-2023', 'Rechazado', 'GES197', 'INS54');
insert into Solicitud_insumo (id_solicitud_insumo, fecha_solicitud, estado_solicitud, id_gestor, id_insumo) values ('ISI22', '02-08-2023', 'Pendiente', 'GES66', 'INS171');
insert into Solicitud_insumo (id_solicitud_insumo, fecha_solicitud, estado_solicitud, id_gestor, id_insumo) values ('ISI23', '09-04-2024', 'Pendiente', 'GES9', 'INS174');
insert into Solicitud_insumo (id_solicitud_insumo, fecha_solicitud, estado_solicitud, id_gestor, id_insumo) values ('ISI24', '09-03-2024', 'Pendiente', 'GES124', 'INS51');
insert into Solicitud_insumo (id_solicitud_insumo, fecha_solicitud, estado_solicitud, id_gestor, id_insumo) values ('ISI25', '05-02-2024', 'Aprobado', 'GES101', 'INS77');
insert into Solicitud_insumo (id_solicitud_insumo, fecha_solicitud, estado_solicitud, id_gestor, id_insumo) values ('ISI26', '24-11-2023', 'Pendiente', 'GES28', 'INS121');
insert into Solicitud_insumo (id_solicitud_insumo, fecha_solicitud, estado_solicitud, id_gestor, id_insumo) values ('ISI27', '29-04-2024', 'Aprobado', 'GES26', 'INS96');
insert into Solicitud_insumo (id_solicitud_insumo, fecha_solicitud, estado_solicitud, id_gestor, id_insumo) values ('ISI28', '26-10-2023', 'Rechazado', 'GES25', 'INS59');
insert into Solicitud_insumo (id_solicitud_insumo, fecha_solicitud, estado_solicitud, id_gestor, id_insumo) values ('ISI29', '06-05-2024', 'Pendiente', 'GES30', 'INS198');
insert into Solicitud_insumo (id_solicitud_insumo, fecha_solicitud, estado_solicitud, id_gestor, id_insumo) values ('ISI30', '04-07-2023', 'Pendiente', 'GES132', 'INS37');
insert into Solicitud_insumo (id_solicitud_insumo, fecha_solicitud, estado_solicitud, id_gestor, id_insumo) values ('ISI31', '04-10-2023', 'Aprobado', 'GES43', 'INS129');
insert into Solicitud_insumo (id_solicitud_insumo, fecha_solicitud, estado_solicitud, id_gestor, id_insumo) values ('ISI32', '10-12-2023', 'Aprobado', 'GES110', 'INS182');
insert into Solicitud_insumo (id_solicitud_insumo, fecha_solicitud, estado_solicitud, id_gestor, id_insumo) values ('ISI33', '28-11-2023', 'Aprobado', 'GES191', 'INS135');
insert into Solicitud_insumo (id_solicitud_insumo, fecha_solicitud, estado_solicitud, id_gestor, id_insumo) values ('ISI34', '17-01-2024', 'Pendiente', 'GES125', 'INS29');
insert into Solicitud_insumo (id_solicitud_insumo, fecha_solicitud, estado_solicitud, id_gestor, id_insumo) values ('ISI35', '12-07-2023', 'Aprobado', 'GES137', 'INS177');
insert into Solicitud_insumo (id_solicitud_insumo, fecha_solicitud, estado_solicitud, id_gestor, id_insumo) values ('ISI36', '22-06-2023', 'Aprobado', 'GES81', 'INS178');
insert into Solicitud_insumo (id_solicitud_insumo, fecha_solicitud, estado_solicitud, id_gestor, id_insumo) values ('ISI37', '14-12-2023', 'Rechazado', 'GES85', 'INS124');
insert into Solicitud_insumo (id_solicitud_insumo, fecha_solicitud, estado_solicitud, id_gestor, id_insumo) values ('ISI38', '06-10-2023', 'Pendiente', 'GES60', 'INS104');
insert into Solicitud_insumo (id_solicitud_insumo, fecha_solicitud, estado_solicitud, id_gestor, id_insumo) values ('ISI39', '20-12-2023', 'Aprobado', 'GES79', 'INS60');
insert into Solicitud_insumo (id_solicitud_insumo, fecha_solicitud, estado_solicitud, id_gestor, id_insumo) values ('ISI40', '30-10-2023', 'Pendiente', 'GES35', 'INS54');
insert into Solicitud_insumo (id_solicitud_insumo, fecha_solicitud, estado_solicitud, id_gestor, id_insumo) values ('ISI41', '24-02-2024', 'Pendiente', 'GES27', 'INS186');
insert into Solicitud_insumo (id_solicitud_insumo, fecha_solicitud, estado_solicitud, id_gestor, id_insumo) values ('ISI42', '03-07-2023', 'Aprobado', 'GES94', 'INS76');
insert into Solicitud_insumo (id_solicitud_insumo, fecha_solicitud, estado_solicitud, id_gestor, id_insumo) values ('ISI43', '19-05-2024', 'Aprobado', 'GES92', 'INS171');
insert into Solicitud_insumo (id_solicitud_insumo, fecha_solicitud, estado_solicitud, id_gestor, id_insumo) values ('ISI44', '25-07-2023', 'Aprobado', 'GES64', 'INS200');
insert into Solicitud_insumo (id_solicitud_insumo, fecha_solicitud, estado_solicitud, id_gestor, id_insumo) values ('ISI45', '23-09-2023', 'Pendiente', 'GES198', 'INS163');
insert into Solicitud_insumo (id_solicitud_insumo, fecha_solicitud, estado_solicitud, id_gestor, id_insumo) values ('ISI46', '01-09-2023', 'Rechazado', 'GES73', 'INS135');
insert into Solicitud_insumo (id_solicitud_insumo, fecha_solicitud, estado_solicitud, id_gestor, id_insumo) values ('ISI47', '04-02-2024', 'Pendiente', 'GES47', 'INS49');
insert into Solicitud_insumo (id_solicitud_insumo, fecha_solicitud, estado_solicitud, id_gestor, id_insumo) values ('ISI48', '27-08-2023', 'Rechazado', 'GES47', 'INS172');
insert into Solicitud_insumo (id_solicitud_insumo, fecha_solicitud, estado_solicitud, id_gestor, id_insumo) values ('ISI49', '04-07-2023', 'Rechazado', 'GES53', 'INS129');
insert into Solicitud_insumo (id_solicitud_insumo, fecha_solicitud, estado_solicitud, id_gestor, id_insumo) values ('ISI50', '19-12-2023', 'Pendiente', 'GES119', 'INS138');
insert into Solicitud_insumo (id_solicitud_insumo, fecha_solicitud, estado_solicitud, id_gestor, id_insumo) values ('ISI51', '20-11-2023', 'Rechazado', 'GES15', 'INS154');
insert into Solicitud_insumo (id_solicitud_insumo, fecha_solicitud, estado_solicitud, id_gestor, id_insumo) values ('ISI52', '20-01-2024', 'Rechazado', 'GES72', 'INS177');
insert into Solicitud_insumo (id_solicitud_insumo, fecha_solicitud, estado_solicitud, id_gestor, id_insumo) values ('ISI53', '09-02-2024', 'Aprobado', 'GES3', 'INS86');
insert into Solicitud_insumo (id_solicitud_insumo, fecha_solicitud, estado_solicitud, id_gestor, id_insumo) values ('ISI54', '15-04-2024', 'Pendiente', 'GES86', 'INS198');
insert into Solicitud_insumo (id_solicitud_insumo, fecha_solicitud, estado_solicitud, id_gestor, id_insumo) values ('ISI55', '28-01-2024', 'Pendiente', 'GES113', 'INS91');
insert into Solicitud_insumo (id_solicitud_insumo, fecha_solicitud, estado_solicitud, id_gestor, id_insumo) values ('ISI56', '23-12-2023', 'Pendiente', 'GES74', 'INS195');
insert into Solicitud_insumo (id_solicitud_insumo, fecha_solicitud, estado_solicitud, id_gestor, id_insumo) values ('ISI57', '02-04-2024', 'Aprobado', 'GES165', 'INS130');
insert into Solicitud_insumo (id_solicitud_insumo, fecha_solicitud, estado_solicitud, id_gestor, id_insumo) values ('ISI58', '19-01-2024', 'Pendiente', 'GES129', 'INS107');
insert into Solicitud_insumo (id_solicitud_insumo, fecha_solicitud, estado_solicitud, id_gestor, id_insumo) values ('ISI59', '24-07-2023', 'Aprobado', 'GES74', 'INS191');
insert into Solicitud_insumo (id_solicitud_insumo, fecha_solicitud, estado_solicitud, id_gestor, id_insumo) values ('ISI60', '11-12-2023', 'Aprobado', 'GES151', 'INS176');
insert into Solicitud_insumo (id_solicitud_insumo, fecha_solicitud, estado_solicitud, id_gestor, id_insumo) values ('ISI61', '10-06-2023', 'Rechazado', 'GES60', 'INS109');
insert into Solicitud_insumo (id_solicitud_insumo, fecha_solicitud, estado_solicitud, id_gestor, id_insumo) values ('ISI62', '11-03-2024', 'Aprobado', 'GES166', 'INS92');
insert into Solicitud_insumo (id_solicitud_insumo, fecha_solicitud, estado_solicitud, id_gestor, id_insumo) values ('ISI63', '14-03-2024', 'Rechazado', 'GES76', 'INS97');
insert into Solicitud_insumo (id_solicitud_insumo, fecha_solicitud, estado_solicitud, id_gestor, id_insumo) values ('ISI64', '13-06-2023', 'Pendiente', 'GES143', 'INS61');
insert into Solicitud_insumo (id_solicitud_insumo, fecha_solicitud, estado_solicitud, id_gestor, id_insumo) values ('ISI65', '01-10-2023', 'Rechazado', 'GES196', 'INS65');
insert into Solicitud_insumo (id_solicitud_insumo, fecha_solicitud, estado_solicitud, id_gestor, id_insumo) values ('ISI66', '17-12-2023', 'Rechazado', 'GES115', 'INS113');
insert into Solicitud_insumo (id_solicitud_insumo, fecha_solicitud, estado_solicitud, id_gestor, id_insumo) values ('ISI67', '18-07-2023', 'Aprobado', 'GES189', 'INS158');
insert into Solicitud_insumo (id_solicitud_insumo, fecha_solicitud, estado_solicitud, id_gestor, id_insumo) values ('ISI68', '29-05-2024', 'Aprobado', 'GES164', 'INS189');
insert into Solicitud_insumo (id_solicitud_insumo, fecha_solicitud, estado_solicitud, id_gestor, id_insumo) values ('ISI69', '09-10-2023', 'Rechazado', 'GES195', 'INS33');
insert into Solicitud_insumo (id_solicitud_insumo, fecha_solicitud, estado_solicitud, id_gestor, id_insumo) values ('ISI70', '16-07-2023', 'Aprobado', 'GES139', 'INS159');
insert into Solicitud_insumo (id_solicitud_insumo, fecha_solicitud, estado_solicitud, id_gestor, id_insumo) values ('ISI71', '03-11-2023', 'Rechazado', 'GES197', 'INS95');
insert into Solicitud_insumo (id_solicitud_insumo, fecha_solicitud, estado_solicitud, id_gestor, id_insumo) values ('ISI72', '01-11-2023', 'Rechazado', 'GES195', 'INS55');
insert into Solicitud_insumo (id_solicitud_insumo, fecha_solicitud, estado_solicitud, id_gestor, id_insumo) values ('ISI73', '07-03-2024', 'Rechazado', 'GES131', 'INS97');
insert into Solicitud_insumo (id_solicitud_insumo, fecha_solicitud, estado_solicitud, id_gestor, id_insumo) values ('ISI74', '26-11-2023', 'Rechazado', 'GES30', 'INS162');
insert into Solicitud_insumo (id_solicitud_insumo, fecha_solicitud, estado_solicitud, id_gestor, id_insumo) values ('ISI75', '06-03-2024', 'Rechazado', 'GES74', 'INS86');
insert into Solicitud_insumo (id_solicitud_insumo, fecha_solicitud, estado_solicitud, id_gestor, id_insumo) values ('ISI76', '28-09-2023', 'Aprobado', 'GES12', 'INS9');
insert into Solicitud_insumo (id_solicitud_insumo, fecha_solicitud, estado_solicitud, id_gestor, id_insumo) values ('ISI77', '17-12-2023', 'Aprobado', 'GES8', 'INS76');
insert into Solicitud_insumo (id_solicitud_insumo, fecha_solicitud, estado_solicitud, id_gestor, id_insumo) values ('ISI78', '07-11-2023', 'Aprobado', 'GES33', 'INS18');
insert into Solicitud_insumo (id_solicitud_insumo, fecha_solicitud, estado_solicitud, id_gestor, id_insumo) values ('ISI79', '04-12-2023', 'Rechazado', 'GES73', 'INS78');
insert into Solicitud_insumo (id_solicitud_insumo, fecha_solicitud, estado_solicitud, id_gestor, id_insumo) values ('ISI80', '17-12-2023', 'Rechazado', 'GES15', 'INS40');
insert into Solicitud_insumo (id_solicitud_insumo, fecha_solicitud, estado_solicitud, id_gestor, id_insumo) values ('ISI81', '01-08-2023', 'Pendiente', 'GES22', 'INS51');
insert into Solicitud_insumo (id_solicitud_insumo, fecha_solicitud, estado_solicitud, id_gestor, id_insumo) values ('ISI82', '26-12-2023', 'Pendiente', 'GES87', 'INS185');
insert into Solicitud_insumo (id_solicitud_insumo, fecha_solicitud, estado_solicitud, id_gestor, id_insumo) values ('ISI83', '17-04-2024', 'Rechazado', 'GES151', 'INS14');
insert into Solicitud_insumo (id_solicitud_insumo, fecha_solicitud, estado_solicitud, id_gestor, id_insumo) values ('ISI84', '18-09-2023', 'Aprobado', 'GES14', 'INS106');
insert into Solicitud_insumo (id_solicitud_insumo, fecha_solicitud, estado_solicitud, id_gestor, id_insumo) values ('ISI85', '05-03-2024', 'Aprobado', 'GES171', 'INS30');
insert into Solicitud_insumo (id_solicitud_insumo, fecha_solicitud, estado_solicitud, id_gestor, id_insumo) values ('ISI86', '21-04-2024', 'Aprobado', 'GES28', 'INS38');
insert into Solicitud_insumo (id_solicitud_insumo, fecha_solicitud, estado_solicitud, id_gestor, id_insumo) values ('ISI87', '10-05-2024', 'Aprobado', 'GES175', 'INS35');
insert into Solicitud_insumo (id_solicitud_insumo, fecha_solicitud, estado_solicitud, id_gestor, id_insumo) values ('ISI88', '16-01-2024', 'Rechazado', 'GES145', 'INS83');
insert into Solicitud_insumo (id_solicitud_insumo, fecha_solicitud, estado_solicitud, id_gestor, id_insumo) values ('ISI89', '27-09-2023', 'Aprobado', 'GES123', 'INS98');
insert into Solicitud_insumo (id_solicitud_insumo, fecha_solicitud, estado_solicitud, id_gestor, id_insumo) values ('ISI90', '20-11-2023', 'Rechazado', 'GES135', 'INS188');
insert into Solicitud_insumo (id_solicitud_insumo, fecha_solicitud, estado_solicitud, id_gestor, id_insumo) values ('ISI91', '02-12-2023', 'Rechazado', 'GES22', 'INS2');
insert into Solicitud_insumo (id_solicitud_insumo, fecha_solicitud, estado_solicitud, id_gestor, id_insumo) values ('ISI92', '10-01-2024', 'Pendiente', 'GES100', 'INS107');
insert into Solicitud_insumo (id_solicitud_insumo, fecha_solicitud, estado_solicitud, id_gestor, id_insumo) values ('ISI93', '28-02-2024', 'Pendiente', 'GES6', 'INS91');
insert into Solicitud_insumo (id_solicitud_insumo, fecha_solicitud, estado_solicitud, id_gestor, id_insumo) values ('ISI94', '13-06-2023', 'Pendiente', 'GES70', 'INS194');
insert into Solicitud_insumo (id_solicitud_insumo, fecha_solicitud, estado_solicitud, id_gestor, id_insumo) values ('ISI95', '24-12-2023', 'Rechazado', 'GES192', 'INS198');
insert into Solicitud_insumo (id_solicitud_insumo, fecha_solicitud, estado_solicitud, id_gestor, id_insumo) values ('ISI96', '30-04-2024', 'Aprobado', 'GES103', 'INS148');
insert into Solicitud_insumo (id_solicitud_insumo, fecha_solicitud, estado_solicitud, id_gestor, id_insumo) values ('ISI97', '27-08-2023', 'Rechazado', 'GES37', 'INS180');
insert into Solicitud_insumo (id_solicitud_insumo, fecha_solicitud, estado_solicitud, id_gestor, id_insumo) values ('ISI98', '06-02-2024', 'Pendiente', 'GES191', 'INS190');
insert into Solicitud_insumo (id_solicitud_insumo, fecha_solicitud, estado_solicitud, id_gestor, id_insumo) values ('ISI99', '22-02-2024', 'Rechazado', 'GES21', 'INS186');
insert into Solicitud_insumo (id_solicitud_insumo, fecha_solicitud, estado_solicitud, id_gestor, id_insumo) values ('ISI100', '18-11-2023', 'Rechazado', 'GES144', 'INS186');
insert into Solicitud_insumo (id_solicitud_insumo, fecha_solicitud, estado_solicitud, id_gestor, id_insumo) values ('ISI101', '06-09-2023', 'Rechazado', 'GES93', 'INS48');
insert into Solicitud_insumo (id_solicitud_insumo, fecha_solicitud, estado_solicitud, id_gestor, id_insumo) values ('ISI102', '08-08-2023', 'Rechazado', 'GES56', 'INS60');
insert into Solicitud_insumo (id_solicitud_insumo, fecha_solicitud, estado_solicitud, id_gestor, id_insumo) values ('ISI103', '29-07-2023', 'Aprobado', 'GES150', 'INS123');
insert into Solicitud_insumo (id_solicitud_insumo, fecha_solicitud, estado_solicitud, id_gestor, id_insumo) values ('ISI104', '24-06-2023', 'Pendiente', 'GES111', 'INS196');
insert into Solicitud_insumo (id_solicitud_insumo, fecha_solicitud, estado_solicitud, id_gestor, id_insumo) values ('ISI105', '23-01-2024', 'Pendiente', 'GES73', 'INS29');
insert into Solicitud_insumo (id_solicitud_insumo, fecha_solicitud, estado_solicitud, id_gestor, id_insumo) values ('ISI106', '19-12-2023', 'Aprobado', 'GES178', 'INS39');
insert into Solicitud_insumo (id_solicitud_insumo, fecha_solicitud, estado_solicitud, id_gestor, id_insumo) values ('ISI107', '11-06-2023', 'Aprobado', 'GES110', 'INS24');
insert into Solicitud_insumo (id_solicitud_insumo, fecha_solicitud, estado_solicitud, id_gestor, id_insumo) values ('ISI108', '02-02-2024', 'Rechazado', 'GES200', 'INS186');
insert into Solicitud_insumo (id_solicitud_insumo, fecha_solicitud, estado_solicitud, id_gestor, id_insumo) values ('ISI109', '20-12-2023', 'Pendiente', 'GES194', 'INS157');
insert into Solicitud_insumo (id_solicitud_insumo, fecha_solicitud, estado_solicitud, id_gestor, id_insumo) values ('ISI110', '12-10-2023', 'Rechazado', 'GES165', 'INS116');
insert into Solicitud_insumo (id_solicitud_insumo, fecha_solicitud, estado_solicitud, id_gestor, id_insumo) values ('ISI111', '28-05-2024', 'Rechazado', 'GES87', 'INS114');
insert into Solicitud_insumo (id_solicitud_insumo, fecha_solicitud, estado_solicitud, id_gestor, id_insumo) values ('ISI112', '10-10-2023', 'Pendiente', 'GES108', 'INS123');
insert into Solicitud_insumo (id_solicitud_insumo, fecha_solicitud, estado_solicitud, id_gestor, id_insumo) values ('ISI113', '27-11-2023', 'Pendiente', 'GES185', 'INS29');
insert into Solicitud_insumo (id_solicitud_insumo, fecha_solicitud, estado_solicitud, id_gestor, id_insumo) values ('ISI114', '05-11-2023', 'Aprobado', 'GES180', 'INS86');
insert into Solicitud_insumo (id_solicitud_insumo, fecha_solicitud, estado_solicitud, id_gestor, id_insumo) values ('ISI115', '23-07-2023', 'Rechazado', 'GES60', 'INS19');
insert into Solicitud_insumo (id_solicitud_insumo, fecha_solicitud, estado_solicitud, id_gestor, id_insumo) values ('ISI116', '21-07-2023', 'Aprobado', 'GES112', 'INS135');
insert into Solicitud_insumo (id_solicitud_insumo, fecha_solicitud, estado_solicitud, id_gestor, id_insumo) values ('ISI117', '19-10-2023', 'Pendiente', 'GES190', 'INS94');
insert into Solicitud_insumo (id_solicitud_insumo, fecha_solicitud, estado_solicitud, id_gestor, id_insumo) values ('ISI118', '06-11-2023', 'Rechazado', 'GES70', 'INS186');
insert into Solicitud_insumo (id_solicitud_insumo, fecha_solicitud, estado_solicitud, id_gestor, id_insumo) values ('ISI119', '08-08-2023', 'Aprobado', 'GES92', 'INS80');
insert into Solicitud_insumo (id_solicitud_insumo, fecha_solicitud, estado_solicitud, id_gestor, id_insumo) values ('ISI120', '09-06-2023', 'Rechazado', 'GES34', 'INS98');
insert into Solicitud_insumo (id_solicitud_insumo, fecha_solicitud, estado_solicitud, id_gestor, id_insumo) values ('ISI121', '07-06-2024', 'Pendiente', 'GES60', 'INS2');
insert into Solicitud_insumo (id_solicitud_insumo, fecha_solicitud, estado_solicitud, id_gestor, id_insumo) values ('ISI122', '18-10-2023', 'Pendiente', 'GES85', 'INS161');
insert into Solicitud_insumo (id_solicitud_insumo, fecha_solicitud, estado_solicitud, id_gestor, id_insumo) values ('ISI123', '08-10-2023', 'Aprobado', 'GES51', 'INS51');
insert into Solicitud_insumo (id_solicitud_insumo, fecha_solicitud, estado_solicitud, id_gestor, id_insumo) values ('ISI124', '21-01-2024', 'Aprobado', 'GES197', 'INS12');
insert into Solicitud_insumo (id_solicitud_insumo, fecha_solicitud, estado_solicitud, id_gestor, id_insumo) values ('ISI125', '20-06-2023', 'Aprobado', 'GES193', 'INS63');
insert into Solicitud_insumo (id_solicitud_insumo, fecha_solicitud, estado_solicitud, id_gestor, id_insumo) values ('ISI126', '14-06-2023', 'Rechazado', 'GES175', 'INS167');
insert into Solicitud_insumo (id_solicitud_insumo, fecha_solicitud, estado_solicitud, id_gestor, id_insumo) values ('ISI127', '16-04-2024', 'Pendiente', 'GES155', 'INS193');
insert into Solicitud_insumo (id_solicitud_insumo, fecha_solicitud, estado_solicitud, id_gestor, id_insumo) values ('ISI128', '17-05-2024', 'Aprobado', 'GES178', 'INS122');
insert into Solicitud_insumo (id_solicitud_insumo, fecha_solicitud, estado_solicitud, id_gestor, id_insumo) values ('ISI129', '16-01-2024', 'Aprobado', 'GES188', 'INS112');
insert into Solicitud_insumo (id_solicitud_insumo, fecha_solicitud, estado_solicitud, id_gestor, id_insumo) values ('ISI130', '11-10-2023', 'Pendiente', 'GES88', 'INS123');
insert into Solicitud_insumo (id_solicitud_insumo, fecha_solicitud, estado_solicitud, id_gestor, id_insumo) values ('ISI131', '09-06-2023', 'Aprobado', 'GES14', 'INS189');
insert into Solicitud_insumo (id_solicitud_insumo, fecha_solicitud, estado_solicitud, id_gestor, id_insumo) values ('ISI132', '19-08-2023', 'Pendiente', 'GES86', 'INS30');
insert into Solicitud_insumo (id_solicitud_insumo, fecha_solicitud, estado_solicitud, id_gestor, id_insumo) values ('ISI133', '09-11-2023', 'Pendiente', 'GES189', 'INS152');
insert into Solicitud_insumo (id_solicitud_insumo, fecha_solicitud, estado_solicitud, id_gestor, id_insumo) values ('ISI134', '13-06-2023', 'Pendiente', 'GES119', 'INS30');
insert into Solicitud_insumo (id_solicitud_insumo, fecha_solicitud, estado_solicitud, id_gestor, id_insumo) values ('ISI135', '07-11-2023', 'Aprobado', 'GES178', 'INS138');
insert into Solicitud_insumo (id_solicitud_insumo, fecha_solicitud, estado_solicitud, id_gestor, id_insumo) values ('ISI136', '04-02-2024', 'Aprobado', 'GES173', 'INS42');
insert into Solicitud_insumo (id_solicitud_insumo, fecha_solicitud, estado_solicitud, id_gestor, id_insumo) values ('ISI137', '13-08-2023', 'Aprobado', 'GES144', 'INS56');
insert into Solicitud_insumo (id_solicitud_insumo, fecha_solicitud, estado_solicitud, id_gestor, id_insumo) values ('ISI138', '10-03-2024', 'Pendiente', 'GES3', 'INS108');
insert into Solicitud_insumo (id_solicitud_insumo, fecha_solicitud, estado_solicitud, id_gestor, id_insumo) values ('ISI139', '27-07-2023', 'Pendiente', 'GES79', 'INS90');
insert into Solicitud_insumo (id_solicitud_insumo, fecha_solicitud, estado_solicitud, id_gestor, id_insumo) values ('ISI140', '15-08-2023', 'Pendiente', 'GES156', 'INS174');
insert into Solicitud_insumo (id_solicitud_insumo, fecha_solicitud, estado_solicitud, id_gestor, id_insumo) values ('ISI141', '03-06-2024', 'Rechazado', 'GES141', 'INS180');
insert into Solicitud_insumo (id_solicitud_insumo, fecha_solicitud, estado_solicitud, id_gestor, id_insumo) values ('ISI142', '03-07-2023', 'Rechazado', 'GES45', 'INS109');
insert into Solicitud_insumo (id_solicitud_insumo, fecha_solicitud, estado_solicitud, id_gestor, id_insumo) values ('ISI143', '03-04-2024', 'Aprobado', 'GES50', 'INS76');
insert into Solicitud_insumo (id_solicitud_insumo, fecha_solicitud, estado_solicitud, id_gestor, id_insumo) values ('ISI144', '28-09-2023', 'Aprobado', 'GES141', 'INS130');
insert into Solicitud_insumo (id_solicitud_insumo, fecha_solicitud, estado_solicitud, id_gestor, id_insumo) values ('ISI145', '10-02-2024', 'Rechazado', 'GES21', 'INS108');
insert into Solicitud_insumo (id_solicitud_insumo, fecha_solicitud, estado_solicitud, id_gestor, id_insumo) values ('ISI146', '29-04-2024', 'Pendiente', 'GES89', 'INS117');
insert into Solicitud_insumo (id_solicitud_insumo, fecha_solicitud, estado_solicitud, id_gestor, id_insumo) values ('ISI147', '02-05-2024', 'Pendiente', 'GES150', 'INS158');
insert into Solicitud_insumo (id_solicitud_insumo, fecha_solicitud, estado_solicitud, id_gestor, id_insumo) values ('ISI148', '08-01-2024', 'Pendiente', 'GES107', 'INS43');
insert into Solicitud_insumo (id_solicitud_insumo, fecha_solicitud, estado_solicitud, id_gestor, id_insumo) values ('ISI149', '11-04-2024', 'Pendiente', 'GES21', 'INS165');
insert into Solicitud_insumo (id_solicitud_insumo, fecha_solicitud, estado_solicitud, id_gestor, id_insumo) values ('ISI150', '28-07-2023', 'Aprobado', 'GES168', 'INS152');
insert into Solicitud_insumo (id_solicitud_insumo, fecha_solicitud, estado_solicitud, id_gestor, id_insumo) values ('ISI151', '11-05-2024', 'Pendiente', 'GES187', 'INS41');
insert into Solicitud_insumo (id_solicitud_insumo, fecha_solicitud, estado_solicitud, id_gestor, id_insumo) values ('ISI152', '04-06-2024', 'Aprobado', 'GES54', 'INS56');
insert into Solicitud_insumo (id_solicitud_insumo, fecha_solicitud, estado_solicitud, id_gestor, id_insumo) values ('ISI153', '17-01-2024', 'Rechazado', 'GES187', 'INS26');
insert into Solicitud_insumo (id_solicitud_insumo, fecha_solicitud, estado_solicitud, id_gestor, id_insumo) values ('ISI154', '27-08-2023', 'Pendiente', 'GES191', 'INS78');
insert into Solicitud_insumo (id_solicitud_insumo, fecha_solicitud, estado_solicitud, id_gestor, id_insumo) values ('ISI155', '09-12-2023', 'Rechazado', 'GES67', 'INS46');
insert into Solicitud_insumo (id_solicitud_insumo, fecha_solicitud, estado_solicitud, id_gestor, id_insumo) values ('ISI156', '24-06-2023', 'Rechazado', 'GES109', 'INS109');
insert into Solicitud_insumo (id_solicitud_insumo, fecha_solicitud, estado_solicitud, id_gestor, id_insumo) values ('ISI157', '13-12-2023', 'Aprobado', 'GES102', 'INS102');
insert into Solicitud_insumo (id_solicitud_insumo, fecha_solicitud, estado_solicitud, id_gestor, id_insumo) values ('ISI158', '14-04-2024', 'Rechazado', 'GES115', 'INS78');
insert into Solicitud_insumo (id_solicitud_insumo, fecha_solicitud, estado_solicitud, id_gestor, id_insumo) values ('ISI159', '10-04-2024', 'Pendiente', 'GES67', 'INS141');
insert into Solicitud_insumo (id_solicitud_insumo, fecha_solicitud, estado_solicitud, id_gestor, id_insumo) values ('ISI160', '30-04-2024', 'Aprobado', 'GES78', 'INS132');
insert into Solicitud_insumo (id_solicitud_insumo, fecha_solicitud, estado_solicitud, id_gestor, id_insumo) values ('ISI161', '07-06-2024', 'Aprobado', 'GES100', 'INS46');
insert into Solicitud_insumo (id_solicitud_insumo, fecha_solicitud, estado_solicitud, id_gestor, id_insumo) values ('ISI162', '27-03-2024', 'Pendiente', 'GES60', 'INS199');
insert into Solicitud_insumo (id_solicitud_insumo, fecha_solicitud, estado_solicitud, id_gestor, id_insumo) values ('ISI163', '12-02-2024', 'Pendiente', 'GES5', 'INS46');
insert into Solicitud_insumo (id_solicitud_insumo, fecha_solicitud, estado_solicitud, id_gestor, id_insumo) values ('ISI164', '06-02-2024', 'Pendiente', 'GES69', 'INS159');
insert into Solicitud_insumo (id_solicitud_insumo, fecha_solicitud, estado_solicitud, id_gestor, id_insumo) values ('ISI165', '17-01-2024', 'Rechazado', 'GES150', 'INS98');
insert into Solicitud_insumo (id_solicitud_insumo, fecha_solicitud, estado_solicitud, id_gestor, id_insumo) values ('ISI166', '26-07-2023', 'Aprobado', 'GES41', 'INS83');
insert into Solicitud_insumo (id_solicitud_insumo, fecha_solicitud, estado_solicitud, id_gestor, id_insumo) values ('ISI167', '26-05-2024', 'Pendiente', 'GES186', 'INS141');
insert into Solicitud_insumo (id_solicitud_insumo, fecha_solicitud, estado_solicitud, id_gestor, id_insumo) values ('ISI168', '12-09-2023', 'Rechazado', 'GES116', 'INS92');
insert into Solicitud_insumo (id_solicitud_insumo, fecha_solicitud, estado_solicitud, id_gestor, id_insumo) values ('ISI169', '13-03-2024', 'Aprobado', 'GES94', 'INS57');
insert into Solicitud_insumo (id_solicitud_insumo, fecha_solicitud, estado_solicitud, id_gestor, id_insumo) values ('ISI170', '04-01-2024', 'Aprobado', 'GES84', 'INS14');
insert into Solicitud_insumo (id_solicitud_insumo, fecha_solicitud, estado_solicitud, id_gestor, id_insumo) values ('ISI171', '01-05-2024', 'Rechazado', 'GES35', 'INS192');
insert into Solicitud_insumo (id_solicitud_insumo, fecha_solicitud, estado_solicitud, id_gestor, id_insumo) values ('ISI172', '22-05-2024', 'Aprobado', 'GES42', 'INS70');
insert into Solicitud_insumo (id_solicitud_insumo, fecha_solicitud, estado_solicitud, id_gestor, id_insumo) values ('ISI173', '26-02-2024', 'Rechazado', 'GES191', 'INS48');
insert into Solicitud_insumo (id_solicitud_insumo, fecha_solicitud, estado_solicitud, id_gestor, id_insumo) values ('ISI174', '15-04-2024', 'Pendiente', 'GES95', 'INS30');
insert into Solicitud_insumo (id_solicitud_insumo, fecha_solicitud, estado_solicitud, id_gestor, id_insumo) values ('ISI175', '13-12-2023', 'Aprobado', 'GES50', 'INS181');
insert into Solicitud_insumo (id_solicitud_insumo, fecha_solicitud, estado_solicitud, id_gestor, id_insumo) values ('ISI176', '09-02-2024', 'Rechazado', 'GES178', 'INS25');
insert into Solicitud_insumo (id_solicitud_insumo, fecha_solicitud, estado_solicitud, id_gestor, id_insumo) values ('ISI177', '10-11-2023', 'Pendiente', 'GES193', 'INS92');
insert into Solicitud_insumo (id_solicitud_insumo, fecha_solicitud, estado_solicitud, id_gestor, id_insumo) values ('ISI178', '04-02-2024', 'Aprobado', 'GES36', 'INS80');
insert into Solicitud_insumo (id_solicitud_insumo, fecha_solicitud, estado_solicitud, id_gestor, id_insumo) values ('ISI179', '13-05-2024', 'Rechazado', 'GES119', 'INS147');
insert into Solicitud_insumo (id_solicitud_insumo, fecha_solicitud, estado_solicitud, id_gestor, id_insumo) values ('ISI180', '03-06-2024', 'Aprobado', 'GES118', 'INS100');
insert into Solicitud_insumo (id_solicitud_insumo, fecha_solicitud, estado_solicitud, id_gestor, id_insumo) values ('ISI181', '11-04-2024', 'Rechazado', 'GES7', 'INS196');
insert into Solicitud_insumo (id_solicitud_insumo, fecha_solicitud, estado_solicitud, id_gestor, id_insumo) values ('ISI182', '02-06-2024', 'Rechazado', 'GES126', 'INS104');
insert into Solicitud_insumo (id_solicitud_insumo, fecha_solicitud, estado_solicitud, id_gestor, id_insumo) values ('ISI183', '07-09-2023', 'Rechazado', 'GES110', 'INS79');
insert into Solicitud_insumo (id_solicitud_insumo, fecha_solicitud, estado_solicitud, id_gestor, id_insumo) values ('ISI184', '26-06-2023', 'Pendiente', 'GES186', 'INS4');
insert into Solicitud_insumo (id_solicitud_insumo, fecha_solicitud, estado_solicitud, id_gestor, id_insumo) values ('ISI185', '18-10-2023', 'Aprobado', 'GES187', 'INS20');
insert into Solicitud_insumo (id_solicitud_insumo, fecha_solicitud, estado_solicitud, id_gestor, id_insumo) values ('ISI186', '25-07-2023', 'Aprobado', 'GES102', 'INS134');
insert into Solicitud_insumo (id_solicitud_insumo, fecha_solicitud, estado_solicitud, id_gestor, id_insumo) values ('ISI187', '21-11-2023', 'Aprobado', 'GES127', 'INS18');
insert into Solicitud_insumo (id_solicitud_insumo, fecha_solicitud, estado_solicitud, id_gestor, id_insumo) values ('ISI188', '21-03-2024', 'Aprobado', 'GES84', 'INS112');
insert into Solicitud_insumo (id_solicitud_insumo, fecha_solicitud, estado_solicitud, id_gestor, id_insumo) values ('ISI189', '08-08-2023', 'Rechazado', 'GES106', 'INS124');
insert into Solicitud_insumo (id_solicitud_insumo, fecha_solicitud, estado_solicitud, id_gestor, id_insumo) values ('ISI190', '13-07-2023', 'Rechazado', 'GES78', 'INS75');
insert into Solicitud_insumo (id_solicitud_insumo, fecha_solicitud, estado_solicitud, id_gestor, id_insumo) values ('ISI191', '02-08-2023', 'Aprobado', 'GES40', 'INS185');
insert into Solicitud_insumo (id_solicitud_insumo, fecha_solicitud, estado_solicitud, id_gestor, id_insumo) values ('ISI192', '24-03-2024', 'Aprobado', 'GES81', 'INS166');
insert into Solicitud_insumo (id_solicitud_insumo, fecha_solicitud, estado_solicitud, id_gestor, id_insumo) values ('ISI193', '23-05-2024', 'Pendiente', 'GES44', 'INS75');
insert into Solicitud_insumo (id_solicitud_insumo, fecha_solicitud, estado_solicitud, id_gestor, id_insumo) values ('ISI194', '02-08-2023', 'Rechazado', 'GES176', 'INS174');
insert into Solicitud_insumo (id_solicitud_insumo, fecha_solicitud, estado_solicitud, id_gestor, id_insumo) values ('ISI195', '07-08-2023', 'Pendiente', 'GES66', 'INS180');
insert into Solicitud_insumo (id_solicitud_insumo, fecha_solicitud, estado_solicitud, id_gestor, id_insumo) values ('ISI196', '26-07-2023', 'Pendiente', 'GES41', 'INS50');
insert into Solicitud_insumo (id_solicitud_insumo, fecha_solicitud, estado_solicitud, id_gestor, id_insumo) values ('ISI197', '12-02-2024', 'Aprobado', 'GES104', 'INS72');
insert into Solicitud_insumo (id_solicitud_insumo, fecha_solicitud, estado_solicitud, id_gestor, id_insumo) values ('ISI198', '18-10-2023', 'Rechazado', 'GES162', 'INS107');
insert into Solicitud_insumo (id_solicitud_insumo, fecha_solicitud, estado_solicitud, id_gestor, id_insumo) values ('ISI199', '13-03-2024', 'Aprobado', 'GES146', 'INS178');
insert into Solicitud_insumo (id_solicitud_insumo, fecha_solicitud, estado_solicitud, id_gestor, id_insumo) values ('ISI200', '24-02-2024', 'Pendiente', 'GES151', 'INS24');
